season,round,constructor,constructor_points,constructor_wins,constructor_standings_pos
2003,1,mclaren,16,1,1
2003,1,williams,9,0,2
2003,1,renault,6,0,3
2003,1,ferrari,5,0,4
2003,1,sauber,3,0,5
2003,1,bar,0,0,6
2003,1,minardi,0,0,7
2003,2,mclaren,26,2,1
2003,2,ferrari,16,0,2
2003,2,renault,16,0,3
2003,2,williams,14,0,4
2003,2,sauber,4,0,5
2003,2,bar,2,0,6
2003,2,jordan,0,0,7
2003,2,minardi,0,0,8
2003,2,toyota,0,0,9
2003,3,mclaren,39,2,1
2003,3,renault,23,0,2
2003,3,ferrari,16,0,3
2003,3,williams,16,0,4
2003,3,jordan,10,1,5
2003,3,sauber,8,0,6
2003,3,bar,5,0,7
2003,3,jaguar,0,0,8
2003,3,toyota,0,0,9
2003,3,minardi,0,0,10
2003,4,mclaren,51,2,1
2003,4,ferrari,32,1,2
2003,4,renault,26,0,3
2003,4,williams,23,0,4
2003,4,jordan,10,1,5
2003,4,sauber,8,0,6
2003,4,bar,6,0,7
2003,4,toyota,0,0,8
2003,4,jaguar,0,0,9
2003,4,minardi,0,0,10
2003,5,mclaren,51,2,1
2003,5,ferrari,48,2,2
2003,5,renault,34,0,3
2003,5,williams,32,0,4
2003,5,jordan,11,1,5
2003,5,sauber,8,0,6
2003,5,bar,6,0,7
2003,5,toyota,3,0,8
2003,5,jaguar,2,0,9
2003,5,minardi,0,0,10
2003,6,ferrari,64,3,1
2003,6,mclaren,63,2,2
2003,6,renault,35,0,3
2003,6,williams,35,0,4
2003,6,jordan,11,1,5
2003,6,bar,11,0,6
2003,6,sauber,8,0,7
2003,6,jaguar,4,0,8
2003,6,toyota,3,0,9
2003,6,minardi,0,0,10
2003,7,mclaren,73,2,1
2003,7,ferrari,71,3,2
2003,7,williams,50,1,3
2003,7,renault,42,0,4
2003,7,jordan,11,1,5
2003,7,bar,11,0,6
2003,7,sauber,8,0,7
2003,7,jaguar,4,0,8
2003,7,toyota,3,0,9
2003,7,minardi,0,0,10
2003,8,ferrari,85,4,1
2003,8,mclaren,76,2,2
2003,8,williams,64,1,3
2003,8,renault,47,0,4
2003,8,jordan,11,1,5
2003,8,bar,11,0,6
2003,8,sauber,8,0,7
2003,8,jaguar,6,0,8
2003,8,toyota,4,0,9
2003,8,minardi,0,0,10
2003,9,ferrari,95,4,1
2003,9,williams,82,2,2
2003,9,mclaren,76,2,3
2003,9,renault,52,0,4
2003,9,bar,13,0,5
2003,9,jordan,11,1,6
2003,9,sauber,9,0,7
2003,9,jaguar,9,0,8
2003,9,toyota,4,0,9
2003,9,minardi,0,0,10
2003,10,ferrari,103,4,1
2003,10,williams,100,3,2
2003,10,mclaren,85,2,3
2003,10,renault,52,0,4
2003,10,bar,13,0,5
2003,10,jaguar,12,0,6
2003,10,jordan,11,1,7
2003,10,sauber,9,0,8
2003,10,toyota,5,0,9
2003,10,minardi,0,0,10
2003,11,ferrari,118,5,1
2003,11,williams,108,3,2
2003,11,mclaren,95,2,3
2003,11,renault,55,0,4
2003,11,bar,14,0,5
2003,11,jaguar,12,0,6
2003,11,jordan,11,1,7
2003,11,sauber,9,0,8
2003,11,toyota,7,0,9
2003,11,minardi,0,0,10
2003,12,ferrari,120,5,1
2003,12,williams,118,4,2
2003,12,mclaren,103,2,3
2003,12,renault,66,0,4
2003,12,bar,15,0,5
2003,12,toyota,14,0,6
2003,12,jaguar,12,0,7
2003,12,jordan,11,1,8
2003,12,sauber,9,0,9
2003,12,minardi,0,0,10
2003,13,williams,129,4,1
2003,13,ferrari,121,5,2
2003,13,mclaren,115,2,3
2003,13,renault,78,1,4
2003,13,bar,15,0,5
2003,13,jaguar,15,0,6
2003,13,toyota,14,0,7
2003,13,jordan,11,1,8
2003,13,sauber,9,0,9
2003,13,minardi,0,0,10
2003,14,williams,141,4,1
2003,14,ferrari,137,6,2
2003,14,mclaren,120,2,3
2003,14,renault,79,1,4
2003,14,bar,18,0,5
2003,14,jaguar,17,0,6
2003,14,toyota,14,0,7
2003,14,jordan,11,1,8
2003,14,sauber,9,0,9
2003,14,minardi,0,0,10
2003,15,ferrari,147,7,1
2003,15,williams,144,4,2
2003,15,mclaren,128,2,3
2003,15,renault,84,1,4
2003,15,sauber,19,0,5
2003,15,bar,18,0,6
2003,15,jaguar,18,0,7
2003,15,toyota,14,0,8
2003,15,jordan,13,1,9
2003,15,minardi,0,0,10
2003,16,ferrari,158,8,1
2003,16,williams,144,4,2
2003,16,mclaren,142,2,3
2003,16,renault,88,1,4
2003,16,bar,26,0,5
2003,16,sauber,19,0,6
2003,16,jaguar,18,0,7
2003,16,toyota,16,0,8
2003,16,jordan,13,1,9
2003,16,minardi,0,0,10
2004,1,ferrari,18,1,1
2004,1,williams,9,0,2
2004,1,renault,8,0,3
2004,1,bar,3,0,4
2004,1,mclaren,1,0,5
2004,1,sauber,0,0,6
2004,1,jaguar,0,0,7
2004,1,toyota,0,0,8
2004,1,jordan,0,0,9
2004,2,ferrari,33,2,1
2004,2,williams,17,0,2
2004,2,renault,14,0,3
2004,2,bar,9,0,4
2004,2,mclaren,4,0,5
2004,2,sauber,1,0,6
2004,2,toyota,0,0,7
2004,2,jaguar,0,0,8
2004,2,jordan,0,0,9
2004,2,minardi,0,0,10
2004,3,ferrari,51,3,1
2004,3,renault,22,0,2
2004,3,williams,19,0,3
2004,3,bar,19,0,4
2004,3,mclaren,4,0,5
2004,3,sauber,1,0,6
2004,3,jaguar,1,0,7
2004,3,toyota,0,0,8
2004,3,jordan,0,0,9
2004,3,minardi,0,0,10
2004,4,ferrari,64,4,1
2004,4,renault,31,0,2
2004,4,bar,27,0,3
2004,4,williams,27,0,4
2004,4,mclaren,5,0,5
2004,4,sauber,1,0,6
2004,4,jaguar,1,0,7
2004,4,toyota,0,0,8
2004,4,jordan,0,0,9
2004,4,minardi,0,0,10
2004,5,ferrari,82,5,1
2004,5,renault,42,0,2
2004,5,bar,32,0,3
2004,5,williams,30,0,4
2004,5,mclaren,5,0,5
2004,5,sauber,3,0,6
2004,5,jaguar,1,0,7
2004,5,toyota,0,0,8
2004,5,jordan,0,0,9
2004,5,minardi,0,0,10
2004,6,ferrari,88,5,1
2004,6,renault,52,1,2
2004,6,bar,40,0,3
2004,6,williams,35,0,4
2004,6,sauber,7,0,5
2004,6,mclaren,5,0,6
2004,6,toyota,4,0,7
2004,6,jordan,2,0,8
2004,6,jaguar,1,0,9
2004,6,minardi,0,0,10
2004,7,ferrari,106,6,1
2004,7,renault,61,1,2
2004,7,bar,46,0,3
2004,7,williams,36,0,4
2004,7,sauber,10,0,5
2004,7,mclaren,5,0,6
2004,7,toyota,4,0,7
2004,7,jaguar,3,0,8
2004,7,jordan,2,0,9
2004,7,minardi,0,0,10
2004,8,ferrari,124,7,1
2004,8,renault,61,1,2
2004,8,bar,52,0,3
2004,8,williams,36,0,4
2004,8,sauber,15,0,5
2004,8,mclaren,12,0,6
2004,8,jordan,5,0,7
2004,8,toyota,4,0,8
2004,8,jaguar,3,0,9
2004,8,minardi,0,0,10
2004,9,ferrari,142,8,1
2004,9,renault,66,1,2
2004,9,bar,58,0,3
2004,9,williams,36,0,4
2004,9,mclaren,17,0,5
2004,9,sauber,15,0,6
2004,9,toyota,8,0,7
2004,9,jordan,5,0,8
2004,9,jaguar,3,0,9
2004,9,minardi,1,0,10
2004,10,ferrari,158,9,1
2004,10,renault,79,1,2
2004,10,bar,62,0,3
2004,10,williams,37,0,4
2004,10,mclaren,22,0,5
2004,10,sauber,15,0,6
2004,10,toyota,8,0,7
2004,10,jordan,5,0,8
2004,10,jaguar,3,0,9
2004,10,minardi,1,0,10
2004,11,ferrari,174,10,1
2004,11,renault,79,1,2
2004,11,bar,67,0,3
2004,11,williams,41,0,4
2004,11,mclaren,32,0,5
2004,11,sauber,18,0,6
2004,11,toyota,8,0,7
2004,11,jordan,5,0,8
2004,11,jaguar,4,0,9
2004,11,minardi,1,0,10
2004,12,ferrari,184,11,1
2004,12,renault,85,1,2
2004,12,bar,76,0,3
2004,12,williams,47,0,4
2004,12,mclaren,37,0,5
2004,12,sauber,18,0,6
2004,12,toyota,8,0,7
2004,12,jaguar,7,0,8
2004,12,jordan,5,0,9
2004,12,minardi,1,0,10
2004,13,ferrari,202,12,1
2004,13,renault,91,1,2
2004,13,bar,83,0,3
2004,13,williams,54,0,4
2004,13,mclaren,37,0,5
2004,13,sauber,19,0,6
2004,13,toyota,8,0,7
2004,13,jaguar,7,0,8
2004,13,jordan,5,0,9
2004,13,minardi,1,0,10
2004,14,ferrari,216,12,1
2004,14,renault,91,1,2
2004,14,bar,83,0,3
2004,14,williams,54,0,4
2004,14,mclaren,49,1,5
2004,14,sauber,28,0,6
2004,14,jaguar,10,0,7
2004,14,toyota,9,0,8
2004,14,jordan,5,0,9
2004,14,minardi,1,0,10
2004,15,ferrari,234,13,1
2004,15,bar,94,0,2
2004,15,renault,91,1,3
2004,15,williams,60,0,4
2004,15,mclaren,52,1,5
2004,15,sauber,29,0,6
2004,15,jaguar,10,0,7
2004,15,toyota,9,0,8
2004,15,jordan,5,0,9
2004,15,minardi,1,0,10
2004,16,ferrari,244,14,1
2004,16,bar,105,0,2
2004,16,renault,96,1,3
2004,16,williams,64,0,4
2004,16,mclaren,58,1,5
2004,16,sauber,32,0,6
2004,16,jaguar,10,0,7
2004,16,toyota,9,0,8
2004,16,jordan,5,0,9
2004,16,minardi,1,0,10
2004,17,ferrari,254,15,1
2004,17,bar,116,0,2
2004,17,renault,100,1,3
2004,17,williams,74,0,4
2004,17,mclaren,61,1,5
2004,17,sauber,33,0,6
2004,17,jaguar,10,0,7
2004,17,toyota,9,0,8
2004,17,jordan,5,0,9
2004,17,minardi,1,0,10
2004,18,ferrari,262,15,1
2004,18,bar,119,0,2
2004,18,renault,105,1,3
2004,18,williams,88,1,4
2004,18,mclaren,69,1,5
2004,18,sauber,34,0,6
2004,18,jaguar,10,0,7
2004,18,toyota,9,0,8
2004,18,jordan,5,0,9
2004,18,minardi,1,0,10
2005,1,renault,16,1,1
2005,1,ferrari,8,0,2
2005,1,red_bull,7,0,3
2005,1,williams,4,0,4
2005,1,mclaren,4,0,5
2005,1,toyota,0,0,6
2005,1,sauber,0,0,7
2005,1,jordan,0,0,8
2005,1,minardi,0,0,9
2005,1,bar,0,0,10
2005,2,renault,26,2,1
2005,2,toyota,12,0,2
2005,2,red_bull,11,0,3
2005,2,ferrari,10,0,4
2005,2,williams,10,0,5
2005,2,mclaren,9,0,6
2005,2,sauber,0,0,7
2005,2,jordan,0,0,8
2005,2,minardi,0,0,9
2005,2,bar,0,0,10
2005,3,renault,36,3,1
2005,3,toyota,25,0,2
2005,3,mclaren,19,0,3
2005,3,williams,13,0,4
2005,3,red_bull,12,0,5
2005,3,ferrari,10,0,6
2005,3,sauber,2,0,7
2005,3,jordan,0,0,8
2005,3,minardi,0,0,9
2005,3,bar,0,0,10
2005,4,renault,46,4,1
2005,4,toyota,29,0,2
2005,4,mclaren,25,0,3
2005,4,ferrari,18,0,4
2005,4,williams,18,0,5
2005,4,red_bull,13,0,6
2005,4,sauber,7,0,7
2005,4,jordan,0,0,8
2005,4,minardi,0,0,9
2005,4,bar,0,0,10
2005,5,renault,58,4,1
2005,5,toyota,40,0,2
2005,5,mclaren,37,1,3
2005,5,williams,21,0,4
2005,5,ferrari,18,0,5
2005,5,red_bull,14,0,6
2005,5,sauber,7,0,7
2005,5,jordan,0,0,8
2005,5,minardi,0,0,9
2005,5,bar,0,0,10
2005,6,renault,63,4,1
2005,6,mclaren,51,2,2
2005,6,toyota,43,0,3
2005,6,williams,35,0,4
2005,6,ferrari,21,0,5
2005,6,red_bull,14,0,6
2005,6,sauber,7,0,7
2005,6,jordan,0,0,8
2005,6,minardi,0,0,9
2005,6,bar,0,0,10
2005,7,renault,76,5,1
2005,7,mclaren,53,2,2
2005,7,toyota,44,0,3
2005,7,williams,43,0,4
2005,7,ferrari,31,0,5
2005,7,red_bull,19,0,6
2005,7,sauber,7,0,7
2005,7,jordan,0,0,8
2005,7,bar,0,0,9
2005,7,minardi,0,0,10
2005,8,renault,76,5,1
2005,8,mclaren,63,3,2
2005,8,williams,47,0,3
2005,8,toyota,47,0,4
2005,8,ferrari,45,0,5
2005,8,red_bull,22,0,6
2005,8,sauber,12,0,7
2005,8,jordan,0,0,8
2005,8,bar,0,0,9
2005,8,minardi,0,0,10
2005,9,renault,76,5,1
2005,9,mclaren,63,3,2
2005,9,ferrari,63,1,3
2005,9,williams,47,0,4
2005,9,toyota,47,0,5
2005,9,red_bull,22,0,6
2005,9,sauber,12,0,7
2005,9,jordan,11,0,8
2005,9,minardi,7,0,9
2005,9,bar,0,0,10
2005,10,renault,89,6,1
2005,10,mclaren,71,3,2
2005,10,ferrari,69,1,3
2005,10,toyota,53,0,4
2005,10,williams,47,0,5
2005,10,red_bull,22,0,6
2005,10,sauber,13,0,7
2005,10,jordan,11,0,8
2005,10,minardi,7,0,9
2005,10,bar,5,0,10
2005,11,renault,102,6,1
2005,11,mclaren,87,4,2
2005,11,ferrari,74,1,3
2005,11,toyota,54,0,4
2005,11,williams,47,0,5
2005,11,red_bull,22,0,6
2005,11,sauber,13,0,7
2005,11,jordan,11,0,8
2005,11,bar,9,0,9
2005,11,minardi,7,0,10
2005,12,renault,117,7,1
2005,12,mclaren,95,4,2
2005,12,ferrari,78,1,3
2005,12,toyota,57,0,4
2005,12,williams,47,0,5
2005,12,red_bull,24,0,6
2005,12,bar,15,0,7
2005,12,sauber,14,0,8
2005,12,jordan,11,0,9
2005,12,minardi,7,0,10
2005,13,renault,117,7,1
2005,13,mclaren,105,5,2
2005,13,ferrari,86,1,3
2005,13,toyota,68,0,4
2005,13,williams,52,0,5
2005,13,red_bull,24,0,6
2005,13,bar,20,0,7
2005,13,sauber,14,0,8
2005,13,jordan,11,0,9
2005,13,minardi,7,0,10
2005,14,renault,130,7,1
2005,14,mclaren,121,6,2
2005,14,ferrari,86,1,3
2005,14,toyota,71,0,4
2005,14,williams,52,0,5
2005,14,red_bull,27,0,6
2005,14,bar,24,0,7
2005,14,sauber,14,0,8
2005,14,jordan,11,0,9
2005,14,minardi,7,0,10
2005,15,renault,144,7,1
2005,15,mclaren,136,7,2
2005,15,ferrari,86,1,3
2005,15,toyota,78,0,4
2005,15,williams,54,0,5
2005,15,red_bull,27,0,6
2005,15,bar,25,0,7
2005,15,sauber,14,0,8
2005,15,jordan,11,0,9
2005,15,minardi,7,0,10
2005,16,renault,152,7,1
2005,16,mclaren,146,8,2
2005,16,ferrari,90,1,3
2005,16,toyota,80,0,4
2005,16,williams,59,0,5
2005,16,bar,31,0,6
2005,16,red_bull,27,0,7
2005,16,sauber,17,0,8
2005,16,jordan,12,0,9
2005,16,minardi,7,0,10
2005,17,mclaren,164,9,1
2005,17,renault,162,7,2
2005,17,ferrari,98,1,3
2005,17,toyota,81,0,4
2005,17,williams,59,0,5
2005,17,bar,33,0,6
2005,17,red_bull,27,0,7
2005,17,sauber,17,0,8
2005,17,jordan,12,0,9
2005,17,minardi,7,0,10
2005,18,renault,176,7,1
2005,18,mclaren,174,10,2
2005,18,ferrari,100,1,3
2005,18,toyota,82,0,4
2005,18,williams,64,0,5
2005,18,bar,37,0,6
2005,18,red_bull,30,0,7
2005,18,sauber,17,0,8
2005,18,jordan,12,0,9
2005,18,minardi,7,0,10
2005,19,renault,191,8,1
2005,19,mclaren,182,10,2
2005,19,ferrari,100,1,3
2005,19,toyota,88,0,4
2005,19,williams,66,0,5
2005,19,bar,38,0,6
2005,19,red_bull,34,0,7
2005,19,sauber,20,0,8
2005,19,jordan,12,0,9
2005,19,minardi,7,0,10
2006,1,renault,10,1,1
2006,1,mclaren,10,0,2
2006,1,ferrari,8,0,3
2006,1,honda,5,0,4
2006,1,williams,5,0,5
2006,1,red_bull,1,0,6
2006,1,toro_rosso,0,0,7
2006,1,bmw_sauber,0,0,8
2006,1,toyota,0,0,9
2006,1,mf1,0,0,10
2006,1,super_aguri,0,0,11
2006,2,renault,28,2,1
2006,2,ferrari,15,0,2
2006,2,mclaren,15,0,3
2006,2,honda,11,0,4
2006,2,williams,5,0,5
2006,2,bmw_sauber,2,0,6
2006,2,toyota,1,0,7
2006,2,red_bull,1,0,8
2006,2,toro_rosso,0,0,9
2006,2,mf1,0,0,10
2006,2,super_aguri,0,0,11
2006,3,renault,42,3,1
2006,3,mclaren,23,0,2
2006,3,ferrari,15,0,3
2006,3,honda,13,0,4
2006,3,bmw_sauber,10,0,5
2006,3,toyota,7,0,6
2006,3,williams,5,0,7
2006,3,red_bull,2,0,8
2006,3,toro_rosso,0,0,9
2006,3,mf1,0,0,10
2006,3,super_aguri,0,0,11
2006,4,renault,51,3,1
2006,4,mclaren,33,0,2
2006,4,ferrari,30,1,3
2006,4,honda,15,0,4
2006,4,bmw_sauber,10,0,5
2006,4,williams,8,0,6
2006,4,toyota,7,0,7
2006,4,red_bull,2,0,8
2006,4,toro_rosso,0,0,9
2006,4,mf1,0,0,10
2006,4,super_aguri,0,0,11
2006,5,renault,62,3,1
2006,5,ferrari,46,2,2
2006,5,mclaren,38,0,3
2006,5,honda,19,0,4
2006,5,bmw_sauber,11,0,5
2006,5,williams,10,0,6
2006,5,toyota,7,0,7
2006,5,red_bull,2,0,8
2006,5,toro_rosso,0,0,9
2006,5,mf1,0,0,10
2006,5,super_aguri,0,0,11
2006,6,renault,78,4,1
2006,6,ferrari,59,2,2
2006,6,mclaren,42,0,3
2006,6,honda,24,0,4
2006,6,bmw_sauber,12,0,5
2006,6,williams,10,0,6
2006,6,toyota,7,0,7
2006,6,red_bull,2,0,8
2006,6,toro_rosso,0,0,9
2006,6,mf1,0,0,10
2006,6,super_aguri,0,0,11
2006,7,renault,91,5,1
2006,7,ferrari,63,2,2
2006,7,mclaren,50,0,3
2006,7,honda,29,0,4
2006,7,bmw_sauber,14,0,5
2006,7,williams,10,0,6
2006,7,toyota,8,0,7
2006,7,red_bull,8,0,8
2006,7,toro_rosso,0,0,9
2006,7,mf1,0,0,10
2006,7,super_aguri,0,0,11
2006,8,renault,106,6,1
2006,8,ferrari,75,2,2
2006,8,mclaren,59,0,3
2006,8,honda,29,0,4
2006,8,bmw_sauber,17,0,5
2006,8,williams,10,0,6
2006,8,toyota,8,0,7
2006,8,red_bull,8,0,8
2006,8,toro_rosso,0,0,9
2006,8,mf1,0,0,10
2006,8,super_aguri,0,0,11
2006,9,renault,121,7,1
2006,9,ferrari,87,2,2
2006,9,mclaren,65,0,3
2006,9,honda,29,0,4
2006,9,bmw_sauber,19,0,5
2006,9,toyota,11,0,6
2006,9,williams,10,0,7
2006,9,red_bull,9,0,8
2006,9,toro_rosso,0,0,9
2006,9,mf1,0,0,10
2006,9,super_aguri,0,0,11
2006,10,renault,131,7,1
2006,10,ferrari,105,3,2
2006,10,mclaren,65,0,3
2006,10,honda,32,0,4
2006,10,bmw_sauber,19,0,5
2006,10,toyota,16,0,6
2006,10,red_bull,11,0,7
2006,10,williams,10,0,8
2006,10,toro_rosso,1,0,9
2006,10,mf1,0,0,10
2006,10,super_aguri,0,0,11
2006,11,renault,142,7,1
2006,11,ferrari,121,4,2
2006,11,mclaren,71,0,3
2006,11,honda,32,0,4
2006,11,toyota,21,0,5
2006,11,bmw_sauber,20,0,6
2006,11,red_bull,11,0,7
2006,11,williams,10,0,8
2006,11,toro_rosso,1,0,9
2006,11,mf1,0,0,10
2006,11,super_aguri,0,0,11
2006,12,renault,149,7,1
2006,12,ferrari,139,5,2
2006,12,mclaren,77,0,3
2006,12,honda,37,0,4
2006,12,toyota,23,0,5
2006,12,bmw_sauber,20,0,6
2006,12,red_bull,12,0,7
2006,12,williams,10,0,8
2006,12,toro_rosso,1,0,9
2006,12,mf1,0,0,10
2006,12,super_aguri,0,0,11
2006,13,renault,149,7,1
2006,13,ferrari,142,5,2
2006,13,mclaren,85,0,3
2006,13,honda,52,1,4
2006,13,toyota,26,0,5
2006,13,bmw_sauber,26,0,6
2006,13,red_bull,16,0,7
2006,13,williams,10,0,8
2006,13,toro_rosso,1,0,9
2006,13,mf1,0,0,10
2006,13,super_aguri,0,0,11
2006,14,renault,160,7,1
2006,14,ferrari,158,6,2
2006,14,mclaren,89,0,3
2006,14,honda,58,1,4
2006,14,toyota,28,0,5
2006,14,bmw_sauber,26,0,6
2006,14,red_bull,16,0,7
2006,14,williams,10,0,8
2006,14,toro_rosso,1,0,9
2006,14,mf1,0,0,10
2006,14,super_aguri,0,0,11
2006,15,ferrari,168,7,1
2006,15,renault,165,7,2
2006,15,mclaren,97,0,3
2006,15,honda,65,1,4
2006,15,bmw_sauber,33,0,5
2006,15,toyota,30,0,6
2006,15,red_bull,16,0,7
2006,15,williams,10,0,8
2006,15,toro_rosso,1,0,9
2006,15,mf1,0,0,10
2006,15,super_aguri,0,0,11
2006,15,spyker_mf1,0,0,12
2006,16,renault,179,7,1
2006,16,ferrari,178,8,2
2006,16,mclaren,101,0,3
2006,16,honda,73,1,4
2006,16,bmw_sauber,35,0,5
2006,16,toyota,30,0,6
2006,16,red_bull,16,0,7
2006,16,williams,11,0,8
2006,16,toro_rosso,1,0,9
2006,16,mf1,0,0,10
2006,16,super_aguri,0,0,11
2006,16,spyker_mf1,0,0,12
2006,17,renault,195,8,1
2006,17,ferrari,186,8,2
2006,17,mclaren,105,0,3
2006,17,honda,78,1,4
2006,17,bmw_sauber,36,0,5
2006,17,toyota,35,0,6
2006,17,red_bull,16,0,7
2006,17,williams,11,0,8
2006,17,toro_rosso,1,0,9
2006,17,mf1,0,0,10
2006,17,super_aguri,0,0,11
2006,17,spyker_mf1,0,0,12
2006,18,renault,206,8,1
2006,18,ferrari,201,9,2
2006,18,mclaren,110,0,3
2006,18,honda,86,1,4
2006,18,bmw_sauber,36,0,5
2006,18,toyota,35,0,6
2006,18,red_bull,16,0,7
2006,18,williams,11,0,8
2006,18,toro_rosso,1,0,9
2006,18,mf1,0,0,10
2006,18,super_aguri,0,0,11
2006,18,spyker_mf1,0,0,12
2007,1,ferrari,13,1,1
2007,1,bmw_sauber,5,0,2
2007,1,renault,4,0,3
2007,1,williams,2,0,4
2007,1,toyota,1,0,5
2007,1,honda,0,0,6
2007,1,super_aguri,0,0,7
2007,1,red_bull,0,0,8
2007,1,toro_rosso,0,0,9
2007,1,spyker,0,0,10
2007,1,mclaren,14,0,11
2007,2,ferrari,23,1,1
2007,2,bmw_sauber,10,0,2
2007,2,renault,8,0,3
2007,2,toyota,3,0,4
2007,2,williams,2,0,5
2007,2,red_bull,0,0,6
2007,2,honda,0,0,7
2007,2,super_aguri,0,0,8
2007,2,toro_rosso,0,0,9
2007,2,spyker,0,0,10
2007,2,mclaren,32,1,11
2007,3,ferrari,39,2,1
2007,3,bmw_sauber,18,0,2
2007,3,renault,9,0,3
2007,3,toyota,5,0,4
2007,3,williams,2,0,5
2007,3,red_bull,0,0,6
2007,3,honda,0,0,7
2007,3,super_aguri,0,0,8
2007,3,toro_rosso,0,0,9
2007,3,spyker,0,0,10
2007,3,mclaren,44,1,11
2007,4,ferrari,49,3,1
2007,4,bmw_sauber,23,0,2
2007,4,renault,11,0,3
2007,4,williams,5,0,4
2007,4,toyota,5,0,5
2007,4,red_bull,4,0,6
2007,4,super_aguri,1,0,7
2007,4,honda,0,0,8
2007,4,spyker,0,0,9
2007,4,toro_rosso,0,0,10
2007,4,mclaren,58,1,11
2007,5,ferrari,56,3,1
2007,5,bmw_sauber,30,0,2
2007,5,renault,16,0,3
2007,5,williams,7,0,4
2007,5,toyota,5,0,5
2007,5,red_bull,4,0,6
2007,5,super_aguri,1,0,7
2007,5,toro_rosso,0,0,8
2007,5,honda,0,0,9
2007,5,spyker,0,0,10
2007,5,mclaren,76,2,11
2007,6,ferrari,60,3,1
2007,6,bmw_sauber,38,0,2
2007,6,renault,21,0,3
2007,6,williams,13,0,4
2007,6,toyota,6,0,5
2007,6,red_bull,4,0,6
2007,6,super_aguri,4,0,7
2007,6,toro_rosso,0,0,8
2007,6,honda,0,0,9
2007,6,spyker,0,0,10
2007,6,mclaren,88,3,11
2007,7,ferrari,71,3,1
2007,7,bmw_sauber,39,0,2
2007,7,renault,25,0,3
2007,7,williams,13,0,4
2007,7,toyota,9,0,5
2007,7,red_bull,6,0,6
2007,7,super_aguri,4,0,7
2007,7,toro_rosso,0,0,8
2007,7,honda,0,0,9
2007,7,spyker,0,0,10
2007,7,mclaren,106,4,11
2007,8,ferrari,89,4,1
2007,8,bmw_sauber,48,0,2
2007,8,renault,28,0,3
2007,8,williams,13,0,4
2007,8,toyota,9,0,5
2007,8,red_bull,6,0,6
2007,8,super_aguri,4,0,7
2007,8,honda,1,0,8
2007,8,toro_rosso,0,0,9
2007,8,spyker,0,0,10
2007,8,mclaren,114,4,11
2007,9,ferrari,103,5,1
2007,9,bmw_sauber,56,0,2
2007,9,renault,31,0,3
2007,9,williams,13,0,4
2007,9,toyota,9,0,5
2007,9,red_bull,6,0,6
2007,9,super_aguri,4,0,7
2007,9,honda,1,0,8
2007,9,toro_rosso,0,0,9
2007,9,spyker,0,0,10
2007,9,mclaren,128,5,11
2007,10,ferrari,111,5,1
2007,10,bmw_sauber,61,0,2
2007,10,renault,32,0,3
2007,10,williams,18,0,4
2007,10,red_bull,16,0,5
2007,10,toyota,9,0,6
2007,10,super_aguri,4,0,7
2007,10,honda,1,0,8
2007,10,toro_rosso,0,0,9
2007,10,spyker,0,0,10
2007,10,mclaren,138,5,11
2007,11,ferrari,119,5,1
2007,11,bmw_sauber,71,0,2
2007,11,renault,33,0,3
2007,11,williams,20,0,4
2007,11,red_bull,16,0,5
2007,11,toyota,12,0,6
2007,11,super_aguri,4,0,7
2007,11,honda,1,0,8
2007,11,toro_rosso,0,0,9
2007,11,spyker,0,0,10
2007,11,mclaren,138,6,11
2007,12,ferrari,137,6,1
2007,12,bmw_sauber,77,0,2
2007,12,renault,36,0,3
2007,12,williams,22,0,4
2007,12,red_bull,16,0,5
2007,12,toyota,12,0,6
2007,12,super_aguri,4,0,7
2007,12,honda,1,0,8
2007,12,toro_rosso,0,0,9
2007,12,spyker,0,0,10
2007,12,mclaren,148,6,11
2007,13,ferrari,143,6,1
2007,13,bmw_sauber,86,0,2
2007,13,renault,38,0,3
2007,13,williams,25,0,4
2007,13,red_bull,16,0,5
2007,13,toyota,12,0,6
2007,13,super_aguri,4,0,7
2007,13,honda,2,0,8
2007,13,toro_rosso,0,0,9
2007,13,spyker,0,0,10
2007,13,mclaren,166,7,11
2007,14,ferrari,161,7,1
2007,14,bmw_sauber,90,0,2
2007,14,renault,39,0,3
2007,14,williams,28,0,4
2007,14,red_bull,18,0,5
2007,14,toyota,12,0,6
2007,14,super_aguri,4,0,7
2007,14,honda,2,0,8
2007,14,toro_rosso,0,0,9
2007,14,spyker,0,0,10
2007,14,mclaren,192,7,11
2007,15,ferrari,170,7,1
2007,15,bmw_sauber,92,0,2
2007,15,renault,51,0,3
2007,15,williams,28,0,4
2007,15,red_bull,23,0,5
2007,15,toyota,12,0,6
2007,15,super_aguri,4,0,7
2007,15,honda,2,0,8
2007,15,spyker,1,0,9
2007,15,toro_rosso,0,0,10
2007,15,mclaren,202,8,11
2007,16,ferrari,186,8,1
2007,16,bmw_sauber,94,0,2
2007,16,renault,51,0,3
2007,16,williams,28,0,4
2007,16,red_bull,24,0,5
2007,16,toyota,12,0,6
2007,16,toro_rosso,8,0,7
2007,16,honda,6,0,8
2007,16,super_aguri,4,0,9
2007,16,spyker,1,0,10
2007,16,mclaren,210,8,11
2007,17,ferrari,204,9,1
2007,17,bmw_sauber,101,0,2
2007,17,renault,51,0,3
2007,17,williams,33,0,4
2007,17,red_bull,24,0,5
2007,17,toyota,13,0,6
2007,17,toro_rosso,8,0,7
2007,17,honda,6,0,8
2007,17,super_aguri,4,0,9
2007,17,spyker,1,0,10
2007,17,mclaren,218,8,11
2008,1,mclaren,14,1,1
2008,1,williams,9,0,2
2008,1,bmw_sauber,8,0,3
2008,1,renault,5,0,4
2008,1,toro_rosso,2,0,5
2008,1,ferrari,1,0,6
2008,2,mclaren,24,1,1
2008,2,bmw_sauber,19,0,2
2008,2,ferrari,11,1,3
2008,2,williams,9,0,4
2008,2,renault,6,0,5
2008,2,toyota,5,0,6
2008,2,red_bull,2,0,7
2008,2,toro_rosso,2,0,8
2008,2,honda,0,0,9
2008,2,force_india,0,0,10
2008,2,super_aguri,0,0,11
2008,3,bmw_sauber,30,0,1
2008,3,ferrari,29,2,2
2008,3,mclaren,28,1,3
2008,3,williams,10,0,4
2008,3,toyota,8,0,5
2008,3,renault,6,0,6
2008,3,red_bull,4,0,7
2008,3,toro_rosso,2,0,8
2008,3,honda,0,0,9
2008,3,force_india,0,0,10
2008,3,super_aguri,0,0,11
2008,4,ferrari,47,3,1
2008,4,bmw_sauber,35,0,2
2008,4,mclaren,34,1,3
2008,4,williams,12,0,4
2008,4,toyota,9,0,5
2008,4,red_bull,8,0,6
2008,4,renault,6,0,7
2008,4,honda,3,0,8
2008,4,toro_rosso,2,0,9
2008,4,force_india,0,0,10
2008,4,super_aguri,0,0,11
2008,5,ferrari,63,4,1
2008,5,bmw_sauber,44,0,2
2008,5,mclaren,42,1,3
2008,5,williams,13,0,4
2008,5,red_bull,10,0,5
2008,5,toyota,9,0,6
2008,5,renault,9,0,7
2008,5,honda,3,0,8
2008,5,toro_rosso,2,0,9
2008,5,force_india,0,0,10
2008,5,super_aguri,0,0,11
2008,6,ferrari,69,4,1
2008,6,mclaren,53,2,2
2008,6,bmw_sauber,52,0,3
2008,6,williams,15,0,4
2008,6,red_bull,15,0,5
2008,6,toyota,9,0,6
2008,6,renault,9,0,7
2008,6,toro_rosso,6,0,8
2008,6,honda,6,0,9
2008,6,force_india,0,0,10
2008,6,super_aguri,0,0,11
2008,7,ferrari,73,4,1
2008,7,bmw_sauber,70,1,2
2008,7,mclaren,53,2,3
2008,7,red_bull,21,0,4
2008,7,toyota,17,0,5
2008,7,williams,15,0,6
2008,7,renault,9,0,7
2008,7,honda,8,0,8
2008,7,toro_rosso,7,0,9
2008,7,force_india,0,0,10
2008,7,super_aguri,0,0,11
2008,8,ferrari,91,5,1
2008,8,bmw_sauber,74,1,2
2008,8,mclaren,58,2,3
2008,8,red_bull,24,0,4
2008,8,toyota,23,0,5
2008,8,williams,15,0,6
2008,8,renault,12,0,7
2008,8,honda,8,0,8
2008,8,toro_rosso,7,0,9
2008,8,force_india,0,0,10
2008,8,super_aguri,0,0,11
2008,9,ferrari,96,5,1
2008,9,bmw_sauber,82,1,2
2008,9,mclaren,72,3,3
2008,9,toyota,25,0,4
2008,9,red_bull,24,0,5
2008,9,williams,16,0,6
2008,9,renault,15,0,7
2008,9,honda,14,0,8
2008,9,toro_rosso,7,0,9
2008,9,force_india,0,0,10
2008,9,super_aguri,0,0,11
2008,10,ferrari,105,5,1
2008,10,bmw_sauber,89,1,2
2008,10,mclaren,86,4,3
2008,10,toyota,25,0,4
2008,10,red_bull,24,0,5
2008,10,renault,23,0,6
2008,10,williams,16,0,7
2008,10,honda,14,0,8
2008,10,toro_rosso,8,0,9
2008,10,force_india,0,0,10
2008,10,super_aguri,0,0,11
2008,11,ferrari,111,5,1
2008,11,mclaren,100,5,2
2008,11,bmw_sauber,90,1,3
2008,11,toyota,35,0,4
2008,11,renault,31,0,5
2008,11,red_bull,24,0,6
2008,11,williams,16,0,7
2008,11,honda,14,0,8
2008,11,toro_rosso,8,0,9
2008,11,force_india,0,0,10
2008,11,super_aguri,0,0,11
2008,12,ferrari,121,6,1
2008,12,mclaren,113,5,2
2008,12,bmw_sauber,96,1,3
2008,12,toyota,41,0,4
2008,12,renault,31,0,5
2008,12,red_bull,24,0,6
2008,12,williams,17,0,7
2008,12,honda,14,0,8
2008,12,toro_rosso,11,0,9
2008,12,force_india,0,0,10
2008,12,super_aguri,0,0,11
2008,13,ferrari,131,7,1
2008,13,mclaren,119,5,2
2008,13,bmw_sauber,107,1,3
2008,13,toyota,41,0,4
2008,13,renault,36,0,5
2008,13,red_bull,25,0,6
2008,13,williams,17,0,7
2008,13,toro_rosso,17,0,8
2008,13,honda,14,0,9
2008,13,force_india,0,0,10
2008,13,super_aguri,0,0,11
2008,14,ferrari,134,7,1
2008,14,mclaren,129,5,2
2008,14,bmw_sauber,117,1,3
2008,14,toyota,41,0,4
2008,14,renault,41,0,5
2008,14,toro_rosso,27,1,6
2008,14,red_bull,26,0,7
2008,14,williams,17,0,8
2008,14,honda,14,0,9
2008,14,force_india,0,0,10
2008,14,super_aguri,0,0,11
2008,15,mclaren,135,5,1
2008,15,ferrari,134,7,2
2008,15,bmw_sauber,120,1,3
2008,15,renault,51,1,4
2008,15,toyota,46,0,5
2008,15,toro_rosso,31,1,6
2008,15,red_bull,28,0,7
2008,15,williams,26,0,8
2008,15,honda,14,0,9
2008,15,force_india,0,0,10
2008,15,super_aguri,0,0,11
2008,16,ferrari,142,7,1
2008,16,mclaren,135,5,2
2008,16,bmw_sauber,128,1,3
2008,16,renault,66,2,4
2008,16,toyota,50,0,5
2008,16,toro_rosso,34,1,6
2008,16,red_bull,29,0,7
2008,16,williams,26,0,8
2008,16,honda,14,0,9
2008,16,force_india,0,0,10
2008,16,super_aguri,0,0,11
2008,17,ferrari,156,7,1
2008,17,mclaren,145,6,2
2008,17,bmw_sauber,135,1,3
2008,17,renault,72,2,4
2008,17,toyota,52,0,5
2008,17,toro_rosso,34,1,6
2008,17,red_bull,29,0,7
2008,17,williams,26,0,8
2008,17,honda,14,0,9
2008,17,force_india,0,0,10
2008,17,super_aguri,0,0,11
2008,18,ferrari,172,8,1
2008,18,mclaren,151,6,2
2008,18,bmw_sauber,135,1,3
2008,18,renault,80,2,4
2008,18,toyota,56,0,5
2008,18,toro_rosso,39,1,6
2008,18,red_bull,29,0,7
2008,18,williams,26,0,8
2008,18,honda,14,0,9
2008,18,force_india,0,0,10
2008,18,super_aguri,0,0,11
2009,1,brawn,18,1,1
2009,1,toyota,11,0,2
2009,1,renault,4,0,3
2009,1,williams,3,0,4
2009,1,toro_rosso,3,0,5
2009,1,force_india,0,0,6
2009,1,bmw_sauber,0,0,7
2009,1,red_bull,0,0,8
2009,1,ferrari,0,0,9
2009,2,brawn,25,2,1
2009,2,toyota,0,0,2
2009,2,bmw_sauber,4,0,3
2009,2,renault,4,0,4
2009,2,williams,0,0,5
2009,2,toro_rosso,3,0,6
2009,2,red_bull,0,0,7
2009,2,mclaren,1,0,8
2009,2,force_india,0,0,9
2009,2,ferrari,0,0,10
2009,3,brawn,36,2,1
2009,3,red_bull,0,1,2
2009,3,toyota,0,0,3
2009,3,mclaren,8,0,4
2009,3,bmw_sauber,4,0,5
2009,3,renault,4,0,6
2009,3,toro_rosso,4,0,7
2009,3,williams,0,0,8
2009,3,ferrari,0,0,9
2009,3,force_india,0,0,10
2009,4,brawn,50,3,1
2009,4,red_bull,0,1,2
2009,4,toyota,0,0,3
2009,4,mclaren,13,0,4
2009,4,renault,5,0,5
2009,4,bmw_sauber,4,0,6
2009,4,toro_rosso,4,0,7
2009,4,williams,0,0,8
2009,4,ferrari,3,0,9
2009,4,force_india,0,0,10
2009,5,brawn,68,4,1
2009,5,red_bull,0,1,2
2009,5,toyota,0,0,3
2009,5,mclaren,13,0,4
2009,5,renault,9,0,5
2009,5,bmw_sauber,6,0,6
2009,5,ferrari,6,0,7
2009,5,williams,0,0,8
2009,5,toro_rosso,4,0,9
2009,5,force_india,0,0,10
2009,6,brawn,86,5,1
2009,6,red_bull,0,1,2
2009,6,toyota,0,0,3
2009,6,ferrari,17,0,4
2009,6,mclaren,13,0,5
2009,6,renault,11,0,6
2009,6,williams,0,0,7
2009,6,bmw_sauber,6,0,8
2009,6,toro_rosso,5,0,9
2009,6,force_india,0,0,10
2009,7,brawn,96,6,1
2009,7,red_bull,0,1,2
2009,7,toyota,0,0,3
2009,7,ferrari,20,0,4
2009,7,mclaren,13,0,5
2009,7,williams,0,0,6
2009,7,renault,11,0,7
2009,7,bmw_sauber,8,0,8
2009,7,toro_rosso,5,0,9
2009,7,force_india,0,0,10
2009,8,brawn,105,6,1
2009,8,red_bull,0,2,2
2009,8,toyota,0,0,3
2009,8,ferrari,26,0,4
2009,8,williams,0,0,5
2009,8,mclaren,13,0,6
2009,8,renault,11,0,7
2009,8,bmw_sauber,8,0,8
2009,8,toro_rosso,5,0,9
2009,8,force_india,0,0,10
2009,9,brawn,112,6,1
2009,9,red_bull,0,3,2
2009,9,toyota,0,0,3
2009,9,ferrari,32,0,4
2009,9,williams,0,0,5
2009,9,mclaren,14,0,6
2009,9,renault,13,0,7
2009,9,bmw_sauber,8,0,8
2009,9,toro_rosso,5,0,9
2009,9,force_india,0,0,10
2009,10,brawn,114,6,1
2009,10,red_bull,0,3,2
2009,10,ferrari,40,0,3
2009,10,toyota,0,0,4
2009,10,mclaren,28,1,5
2009,10,williams,0,0,6
2009,10,renault,13,0,7
2009,10,bmw_sauber,8,0,8
2009,10,toro_rosso,5,0,9
2009,10,force_india,0,0,10
2009,11,brawn,126,7,1
2009,11,red_bull,0,3,2
2009,11,ferrari,46,0,3
2009,11,mclaren,41,1,4
2009,11,toyota,0,0,5
2009,11,williams,0,0,6
2009,11,renault,16,0,7
2009,11,bmw_sauber,9,0,8
2009,11,toro_rosso,5,0,9
2009,11,force_india,0,0,10
2009,12,brawn,128,7,1
2009,12,red_bull,0,3,2
2009,12,ferrari,56,1,3
2009,12,mclaren,44,1,4
2009,12,toyota,0,0,5
2009,12,williams,0,0,6
2009,12,bmw_sauber,18,0,7
2009,12,renault,16,0,8
2009,12,force_india,8,0,9
2009,12,toro_rosso,5,0,10
2009,13,brawn,146,8,1
2009,13,red_bull,0,3,2
2009,13,ferrari,62,1,3
2009,13,mclaren,47,1,4
2009,13,toyota,0,0,5
2009,13,williams,0,0,6
2009,13,bmw_sauber,20,0,7
2009,13,renault,20,0,8
2009,13,force_india,13,0,9
2009,13,toro_rosso,5,0,10
2009,14,brawn,153,8,1
2009,14,red_bull,0,3,2
2009,14,ferrari,62,1,3
2009,14,mclaren,59,2,4
2009,14,toyota,0,0,5
2009,14,williams,0,0,6
2009,14,renault,26,0,7
2009,14,bmw_sauber,21,0,8
2009,14,force_india,13,0,9
2009,14,toro_rosso,5,0,10
2009,15,brawn,156,8,1
2009,15,red_bull,0,4,2
2009,15,ferrari,67,1,3
2009,15,mclaren,65,2,4
2009,15,toyota,0,0,5
2009,15,williams,0,0,6
2009,15,renault,26,0,7
2009,15,bmw_sauber,24,0,8
2009,15,force_india,13,0,9
2009,15,toro_rosso,5,0,10
2009,16,brawn,161,8,1
2009,16,red_bull,0,5,2
2009,16,mclaren,71,2,3
2009,16,ferrari,70,1,4
2009,16,toyota,0,0,5
2009,16,williams,0,0,6
2009,16,bmw_sauber,32,0,7
2009,16,renault,26,0,8
2009,16,force_india,13,0,9
2009,16,toro_rosso,7,0,10
2009,17,brawn,172,8,1
2009,17,red_bull,0,6,2
2009,17,mclaren,71,2,3
2009,17,ferrari,70,1,4
2009,17,toyota,0,0,5
2009,17,bmw_sauber,36,0,6
2009,17,williams,0,0,7
2009,17,renault,26,0,8
2009,17,force_india,13,0,9
2009,17,toro_rosso,8,0,10
2010,1,ferrari,43,1,1
2010,1,mclaren,21,0,2
2010,1,mercedes,18,0,3
2010,1,red_bull,16,0,4
2010,1,force_india,2,0,5
2010,1,williams,1,0,6
2010,1,renault,0,0,7
2010,1,toro_rosso,0,0,8
2010,1,lotus_racing,0,0,9
2010,1,sauber,0,0,10
2010,1,hrt,0,0,11
2010,1,virgin,0,0,12
2010,2,ferrari,70,1,1
2010,2,mclaren,54,1,2
2010,2,mercedes,29,0,3
2010,2,renault,18,0,4
2010,2,red_bull,18,0,5
2010,2,force_india,8,0,6
2010,2,williams,5,0,7
2010,2,toro_rosso,0,0,8
2010,2,sauber,0,0,9
2010,2,lotus_racing,0,0,10
2010,2,hrt,0,0,11
2010,2,virgin,0,0,12
2010,3,ferrari,76,1,1
2010,3,mclaren,66,1,2
2010,3,red_bull,61,1,3
2010,3,mercedes,44,0,4
2010,3,renault,30,0,5
2010,3,force_india,18,0,6
2010,3,williams,6,0,7
2010,3,toro_rosso,2,0,8
2010,3,sauber,0,0,9
2010,3,lotus_racing,0,0,10
2010,3,hrt,0,0,11
2010,3,virgin,0,0,12
2010,4,mclaren,109,2,1
2010,4,ferrari,90,1,2
2010,4,red_bull,73,1,3
2010,4,mercedes,60,0,4
2010,4,renault,46,0,5
2010,4,force_india,18,0,6
2010,4,williams,6,0,7
2010,4,toro_rosso,2,0,8
2010,4,sauber,0,0,9
2010,4,lotus_racing,0,0,10
2010,4,hrt,0,0,11
2010,4,virgin,0,0,12
2010,5,mclaren,119,2,1
2010,5,ferrari,116,1,2
2010,5,red_bull,113,2,3
2010,5,mercedes,72,0,4
2010,5,renault,50,0,5
2010,5,force_india,24,0,6
2010,5,williams,8,0,7
2010,5,toro_rosso,3,0,8
2010,5,sauber,0,0,9
2010,5,lotus_racing,0,0,10
2010,5,hrt,0,0,11
2010,5,virgin,0,0,12
2010,6,red_bull,156,3,1
2010,6,ferrari,136,1,2
2010,6,mclaren,129,2,3
2010,6,mercedes,78,0,4
2010,6,renault,65,0,5
2010,6,force_india,30,0,6
2010,6,williams,8,0,7
2010,6,toro_rosso,4,0,8
2010,6,sauber,0,0,9
2010,6,lotus_racing,0,0,10
2010,6,hrt,0,0,11
2010,6,virgin,0,0,12
2010,7,mclaren,172,3,1
2010,7,red_bull,171,3,2
2010,7,ferrari,146,1,3
2010,7,mercedes,100,0,4
2010,7,renault,73,0,5
2010,7,force_india,32,0,6
2010,7,williams,8,0,7
2010,7,toro_rosso,4,0,8
2010,7,sauber,1,0,9
2010,7,lotus_racing,0,0,10
2010,7,hrt,0,0,11
2010,7,virgin,0,0,12
2010,8,mclaren,215,4,1
2010,8,red_bull,193,3,2
2010,8,ferrari,161,1,3
2010,8,mercedes,108,0,4
2010,8,renault,79,0,5
2010,8,force_india,35,0,6
2010,8,toro_rosso,8,0,7
2010,8,williams,8,0,8
2010,8,sauber,1,0,9
2010,8,lotus_racing,0,0,10
2010,8,hrt,0,0,11
2010,8,virgin,0,0,12
2010,9,mclaren,248,4,1
2010,9,red_bull,218,4,2
2010,9,ferrari,165,1,3
2010,9,mercedes,109,0,4
2010,9,renault,89,0,5
2010,9,force_india,43,0,6
2010,9,williams,20,0,7
2010,9,toro_rosso,10,0,8
2010,9,sauber,7,0,9
2010,9,lotus_racing,0,0,10
2010,9,hrt,0,0,11
2010,9,virgin,0,0,12
2010,10,mclaren,278,4,1
2010,10,red_bull,249,5,2
2010,10,ferrari,165,1,3
2010,10,mercedes,126,0,4
2010,10,renault,89,0,5
2010,10,force_india,47,0,6
2010,10,williams,31,0,7
2010,10,sauber,15,0,8
2010,10,toro_rosso,10,0,9
2010,10,lotus_racing,0,0,10
2010,10,hrt,0,0,11
2010,10,virgin,0,0,12
2010,11,mclaren,300,4,1
2010,11,red_bull,272,5,2
2010,11,ferrari,208,2,3
2010,11,mercedes,132,0,4
2010,11,renault,96,0,5
2010,11,force_india,47,0,6
2010,11,williams,31,0,7
2010,11,sauber,15,0,8
2010,11,toro_rosso,10,0,9
2010,11,lotus_racing,0,0,10
2010,11,hrt,0,0,11
2010,11,virgin,0,0,12
2010,12,red_bull,312,6,1
2010,12,mclaren,304,4,2
2010,12,ferrari,238,2,3
2010,12,mercedes,132,0,4
2010,12,renault,106,0,5
2010,12,force_india,47,0,6
2010,12,williams,40,0,7
2010,12,sauber,23,0,8
2010,12,toro_rosso,10,0,9
2010,12,lotus_racing,0,0,10
2010,12,hrt,0,0,11
2010,12,virgin,0,0,12
2010,13,red_bull,330,6,1
2010,13,mclaren,329,5,2
2010,13,ferrari,250,2,3
2010,13,mercedes,146,0,4
2010,13,renault,123,0,5
2010,13,force_india,58,0,6
2010,13,williams,40,0,7
2010,13,sauber,27,0,8
2010,13,toro_rosso,10,0,9
2010,13,lotus_racing,0,0,10
2010,13,hrt,0,0,11
2010,13,virgin,0,0,12
2010,14,red_bull,350,6,1
2010,14,mclaren,347,5,2
2010,14,ferrari,290,3,3
2010,14,mercedes,158,0,4
2010,14,renault,127,0,5
2010,14,force_india,58,0,6
2010,14,williams,47,0,7
2010,14,sauber,27,0,8
2010,14,toro_rosso,10,0,9
2010,14,lotus_racing,0,0,10
2010,14,hrt,0,0,11
2010,14,virgin,0,0,12
2010,15,red_bull,383,6,1
2010,15,mclaren,359,5,2
2010,15,ferrari,319,4,3
2010,15,mercedes,168,0,4
2010,15,renault,133,0,5
2010,15,force_india,60,0,6
2010,15,williams,56,0,7
2010,15,sauber,27,0,8
2010,15,toro_rosso,10,0,9
2010,15,lotus_racing,0,0,10
2010,15,hrt,0,0,11
2010,15,virgin,0,0,12
2010,16,red_bull,426,7,1
2010,16,mclaren,381,5,2
2010,16,ferrari,334,4,3
2010,16,mercedes,176,0,4
2010,16,renault,133,0,5
2010,16,force_india,60,0,6
2010,16,williams,58,0,7
2010,16,sauber,37,0,8
2010,16,toro_rosso,11,0,9
2010,16,lotus_racing,0,0,10
2010,16,hrt,0,0,11
2010,16,virgin,0,0,12
2010,17,red_bull,426,7,1
2010,17,mclaren,399,5,2
2010,17,ferrari,374,5,3
2010,17,mercedes,188,0,4
2010,17,renault,143,0,5
2010,17,force_india,68,0,6
2010,17,williams,65,0,7
2010,17,sauber,43,0,8
2010,17,toro_rosso,11,0,9
2010,17,lotus_racing,0,0,10
2010,17,hrt,0,0,11
2010,17,virgin,0,0,12
2010,18,red_bull,469,8,1
2010,18,mclaren,421,5,2
2010,18,ferrari,389,5,3
2010,18,mercedes,202,0,4
2010,18,renault,145,0,5
2010,18,williams,69,0,6
2010,18,force_india,68,0,7
2010,18,sauber,44,0,8
2010,18,toro_rosso,11,0,9
2010,18,lotus_racing,0,0,10
2010,18,hrt,0,0,11
2010,18,virgin,0,0,12
2010,19,red_bull,498,9,1
2010,19,mclaren,454,5,2
2010,19,ferrari,396,5,3
2010,19,mercedes,214,0,4
2010,19,renault,163,0,5
2010,19,williams,69,0,6
2010,19,force_india,68,0,7
2010,19,sauber,44,0,8
2010,19,toro_rosso,13,0,9
2010,19,lotus_racing,0,0,10
2010,19,hrt,0,0,11
2010,19,virgin,0,0,12
2011,1,red_bull,35,1,1
2011,1,mclaren,26,0,2
2011,1,ferrari,18,0,3
2011,1,renault,15,0,4
2011,1,toro_rosso,4,0,5
2011,1,force_india,3,0,6
2011,1,lotus_racing,0,0,7
2011,1,virgin,0,0,8
2011,1,williams,0,0,9
2011,1,mercedes,0,0,10
2011,2,red_bull,72,2,1
2011,2,mclaren,48,0,2
2011,2,ferrari,36,0,3
2011,2,renault,30,0,4
2011,2,sauber,6,0,5
2011,2,toro_rosso,4,0,6
2011,2,force_india,4,0,7
2011,2,mercedes,2,0,8
2011,2,lotus_racing,0,0,9
2011,2,virgin,0,0,10
2011,2,williams,0,0,11
2011,2,hrt,0,0,12
2011,3,red_bull,105,2,1
2011,3,mclaren,85,1,2
2011,3,ferrari,50,0,3
2011,3,renault,32,0,4
2011,3,mercedes,16,0,5
2011,3,sauber,7,0,6
2011,3,toro_rosso,4,0,7
2011,3,force_india,4,0,8
2011,3,lotus_racing,0,0,9
2011,3,williams,0,0,10
2011,3,virgin,0,0,11
2011,3,hrt,0,0,12
2011,4,red_bull,148,3,1
2011,4,mclaren,105,1,2
2011,4,ferrari,65,0,3
2011,4,renault,42,0,4
2011,4,mercedes,26,0,5
2011,4,sauber,8,0,6
2011,4,toro_rosso,6,0,7
2011,4,force_india,4,0,8
2011,4,lotus_racing,0,0,9
2011,4,williams,0,0,10
2011,4,virgin,0,0,11
2011,4,hrt,0,0,12
2011,5,red_bull,185,4,1
2011,5,mclaren,138,1,2
2011,5,ferrari,75,0,3
2011,5,renault,46,0,4
2011,5,mercedes,40,0,5
2011,5,sauber,11,0,6
2011,5,toro_rosso,6,0,7
2011,5,force_india,4,0,8
2011,5,williams,0,0,9
2011,5,lotus_racing,0,0,10
2011,5,virgin,0,0,11
2011,5,hrt,0,0,12
2011,6,red_bull,222,5,1
2011,6,mclaren,161,1,2
2011,6,ferrari,93,0,3
2011,6,renault,50,0,4
2011,6,mercedes,40,0,5
2011,6,sauber,21,0,6
2011,6,force_india,10,0,7
2011,6,toro_rosso,7,0,8
2011,6,williams,2,0,9
2011,6,lotus_racing,0,0,10
2011,6,virgin,0,0,11
2011,6,hrt,0,0,12
2011,7,red_bull,255,5,1
2011,7,mclaren,186,2,2
2011,7,ferrari,101,0,3
2011,7,renault,60,0,4
2011,7,mercedes,52,0,5
2011,7,sauber,27,0,6
2011,7,toro_rosso,12,0,7
2011,7,force_india,10,0,8
2011,7,williams,4,0,9
2011,7,lotus_racing,0,0,10
2011,7,hrt,0,0,11
2011,7,virgin,0,0,12
2011,8,red_bull,295,6,1
2011,8,mclaren,206,2,2
2011,8,ferrari,129,0,3
2011,8,renault,61,0,4
2011,8,mercedes,58,0,5
2011,8,sauber,27,0,6
2011,8,toro_rosso,16,0,7
2011,8,force_india,12,0,8
2011,8,williams,4,0,9
2011,8,lotus_racing,0,0,10
2011,8,hrt,0,0,11
2011,8,virgin,0,0,12
2011,9,red_bull,328,6,1
2011,9,mclaren,218,2,2
2011,9,ferrari,164,1,3
2011,9,mercedes,68,0,4
2011,9,renault,65,0,5
2011,9,sauber,33,0,6
2011,9,toro_rosso,17,0,7
2011,9,force_india,12,0,8
2011,9,williams,4,0,9
2011,9,lotus_racing,0,0,10
2011,9,hrt,0,0,11
2011,9,virgin,0,0,12
2011,10,red_bull,355,6,1
2011,10,mclaren,243,3,2
2011,10,ferrari,192,1,3
2011,10,mercedes,78,0,4
2011,10,renault,66,0,5
2011,10,sauber,35,0,6
2011,10,force_india,20,0,7
2011,10,toro_rosso,17,0,8
2011,10,williams,4,0,9
2011,10,lotus_racing,0,0,10
2011,10,hrt,0,0,11
2011,10,virgin,0,0,12
2011,11,red_bull,383,6,1
2011,11,mclaren,280,4,2
2011,11,ferrari,215,1,3
2011,11,mercedes,80,0,4
2011,11,renault,66,0,5
2011,11,sauber,35,0,6
2011,11,force_india,26,0,7
2011,11,toro_rosso,22,0,8
2011,11,williams,4,0,9
2011,11,lotus_racing,0,0,10
2011,11,hrt,0,0,11
2011,11,virgin,0,0,12
2011,12,red_bull,426,7,1
2011,12,mclaren,295,4,2
2011,12,ferrari,231,1,3
2011,12,mercedes,98,0,4
2011,12,renault,68,0,5
2011,12,sauber,35,0,6
2011,12,force_india,32,0,7
2011,12,toro_rosso,22,0,8
2011,12,williams,5,0,9
2011,12,lotus_racing,0,0,10
2011,12,hrt,0,0,11
2011,12,virgin,0,0,12
2011,13,red_bull,451,8,1
2011,13,mclaren,325,4,2
2011,13,ferrari,254,1,3
2011,13,mercedes,108,0,4
2011,13,renault,70,0,5
2011,13,force_india,36,0,6
2011,13,sauber,35,0,7
2011,13,toro_rosso,29,0,8
2011,13,williams,5,0,9
2011,13,lotus_racing,0,0,10
2011,13,hrt,0,0,11
2011,13,virgin,0,0,12
2011,14,red_bull,491,9,1
2011,14,mclaren,353,4,2
2011,14,ferrari,268,1,3
2011,14,mercedes,114,0,4
2011,14,renault,70,0,5
2011,14,force_india,48,0,6
2011,14,sauber,36,0,7
2011,14,toro_rosso,29,0,8
2011,14,williams,5,0,9
2011,14,lotus_racing,0,0,10
2011,14,hrt,0,0,11
2011,14,virgin,0,0,12
2011,15,red_bull,518,9,1
2011,15,mclaren,388,5,2
2011,15,ferrari,292,1,3
2011,15,mercedes,123,0,4
2011,15,renault,72,0,5
2011,15,force_india,48,0,6
2011,15,sauber,40,0,7
2011,15,toro_rosso,29,0,8
2011,15,williams,5,0,9
2011,15,lotus_racing,0,0,10
2011,15,hrt,0,0,11
2011,15,virgin,0,0,12
2011,16,red_bull,558,10,1
2011,16,mclaren,418,5,2
2011,16,ferrari,310,1,3
2011,16,mercedes,127,0,4
2011,16,renault,72,0,5
2011,16,force_india,49,0,6
2011,16,sauber,40,0,7
2011,16,toro_rosso,37,0,8
2011,16,williams,5,0,9
2011,16,lotus_racing,0,0,10
2011,16,hrt,0,0,11
2011,16,virgin,0,0,12
2011,17,red_bull,595,11,1
2011,17,mclaren,442,5,2
2011,17,ferrari,325,1,3
2011,17,mercedes,145,0,4
2011,17,renault,72,0,5
2011,17,force_india,51,0,6
2011,17,sauber,41,0,7
2011,17,toro_rosso,41,0,8
2011,17,williams,5,0,9
2011,17,lotus_racing,0,0,10
2011,17,hrt,0,0,11
2011,17,virgin,0,0,12
2011,18,red_bull,607,11,1
2011,18,mclaren,482,6,2
2011,18,ferrari,353,1,3
2011,18,mercedes,159,0,4
2011,18,renault,72,0,5
2011,18,force_india,57,0,6
2011,18,sauber,42,0,7
2011,18,toro_rosso,41,0,8
2011,18,williams,5,0,9
2011,18,lotus_racing,0,0,10
2011,18,hrt,0,0,11
2011,18,virgin,0,0,12
2011,19,red_bull,650,12,1
2011,19,mclaren,497,6,2
2011,19,ferrari,375,1,3
2011,19,mercedes,165,0,4
2011,19,renault,73,0,5
2011,19,force_india,69,0,6
2011,19,sauber,44,0,7
2011,19,toro_rosso,41,0,8
2011,19,williams,5,0,9
2011,19,lotus_racing,0,0,10
2011,19,hrt,0,0,11
2011,19,virgin,0,0,12
2012,1,mclaren,40,1,1
2012,1,red_bull,30,0,2
2012,1,sauber,12,0,3
2012,1,ferrari,10,0,4
2012,1,lotus_f1,6,0,5
2012,1,toro_rosso,2,0,6
2012,1,force_india,1,0,7
2012,1,mercedes,0,0,8
2012,1,williams,0,0,9
2012,1,marussia,0,0,10
2012,1,caterham,0,0,11
2012,2,mclaren,55,1,1
2012,2,red_bull,42,0,2
2012,2,ferrari,35,1,3
2012,2,sauber,30,0,4
2012,2,lotus_f1,16,0,5
2012,2,force_india,9,0,6
2012,2,williams,8,0,7
2012,2,toro_rosso,6,0,8
2012,2,mercedes,1,0,9
2012,2,marussia,0,0,10
2012,2,caterham,0,0,11
2012,2,hrt,0,0,12
2012,3,mclaren,88,1,1
2012,3,red_bull,64,0,2
2012,3,ferrari,37,1,3
2012,3,sauber,31,0,4
2012,3,mercedes,26,1,5
2012,3,lotus_f1,24,0,6
2012,3,williams,18,0,7
2012,3,force_india,9,0,8
2012,3,toro_rosso,6,0,9
2012,3,marussia,0,0,10
2012,3,caterham,0,0,11
2012,3,hrt,0,0,12
2012,4,red_bull,101,1,1
2012,4,mclaren,92,1,2
2012,4,lotus_f1,57,0,3
2012,4,ferrari,45,1,4
2012,4,mercedes,37,1,5
2012,4,sauber,31,0,6
2012,4,williams,18,0,7
2012,4,force_india,17,0,8
2012,4,toro_rosso,6,0,9
2012,4,marussia,0,0,10
2012,4,caterham,0,0,11
2012,4,hrt,0,0,12
2012,5,red_bull,109,1,1
2012,5,mclaren,98,1,2
2012,5,lotus_f1,84,0,3
2012,5,ferrari,63,1,4
2012,5,mercedes,43,1,5
2012,5,williams,43,1,6
2012,5,sauber,41,0,7
2012,5,force_india,18,0,8
2012,5,toro_rosso,6,0,9
2012,5,marussia,0,0,10
2012,5,caterham,0,0,11
2012,5,hrt,0,0,12
2012,6,red_bull,146,2,1
2012,6,mclaren,108,1,2
2012,6,ferrari,86,1,3
2012,6,lotus_f1,86,0,4
2012,6,mercedes,61,1,5
2012,6,williams,44,1,6
2012,6,sauber,41,0,7
2012,6,force_india,28,0,8
2012,6,toro_rosso,6,0,9
2012,6,caterham,0,0,10
2012,6,marussia,0,0,11
2012,6,hrt,0,0,12
2012,7,red_bull,164,2,1
2012,7,mclaren,133,2,2
2012,7,lotus_f1,108,0,3
2012,7,ferrari,97,1,4
2012,7,mercedes,69,1,5
2012,7,sauber,58,0,6
2012,7,williams,44,1,7
2012,7,force_india,28,0,8
2012,7,toro_rosso,6,0,9
2012,7,caterham,0,0,10
2012,7,marussia,0,0,11
2012,7,hrt,0,0,12
2012,8,red_bull,176,2,1
2012,8,mclaren,137,2,2
2012,8,lotus_f1,126,0,3
2012,8,ferrari,122,2,4
2012,8,mercedes,92,1,5
2012,8,sauber,60,0,6
2012,8,williams,45,1,7
2012,8,force_india,44,0,8
2012,8,toro_rosso,6,0,9
2012,8,caterham,0,0,10
2012,8,marussia,0,0,11
2012,8,hrt,0,0,12
2012,9,red_bull,216,3,1
2012,9,ferrari,152,2,2
2012,9,lotus_f1,144,0,3
2012,9,mclaren,142,2,4
2012,9,mercedes,98,1,5
2012,9,sauber,60,0,6
2012,9,williams,47,1,7
2012,9,force_india,44,0,8
2012,9,toro_rosso,6,0,9
2012,9,caterham,0,0,10
2012,9,marussia,0,0,11
2012,9,hrt,0,0,12
2012,10,red_bull,230,3,1
2012,10,ferrari,177,3,2
2012,10,mclaren,160,2,3
2012,10,lotus_f1,159,0,4
2012,10,mercedes,105,1,5
2012,10,sauber,80,0,6
2012,10,williams,47,1,7
2012,10,force_india,46,0,8
2012,10,toro_rosso,6,0,9
2012,10,caterham,0,0,10
2012,10,marussia,0,0,11
2012,10,hrt,0,0,12
2012,11,red_bull,246,3,1
2012,11,mclaren,193,3,2
2012,11,lotus_f1,192,0,3
2012,11,ferrari,189,3,4
2012,11,mercedes,106,1,5
2012,11,sauber,80,0,6
2012,11,williams,53,1,7
2012,11,force_india,46,0,8
2012,11,toro_rosso,6,0,9
2012,11,caterham,0,0,10
2012,11,marussia,0,0,11
2012,11,hrt,0,0,12
2012,12,red_bull,272,3,1
2012,12,mclaren,218,4,2
2012,12,lotus_f1,207,0,3
2012,12,ferrari,199,3,4
2012,12,mercedes,112,1,5
2012,12,sauber,80,0,6
2012,12,force_india,59,0,7
2012,12,williams,53,1,8
2012,12,toro_rosso,12,0,9
2012,12,caterham,0,0,10
2012,12,marussia,0,0,11
2012,12,hrt,0,0,12
2012,13,red_bull,272,3,1
2012,13,mclaren,243,5,2
2012,13,ferrari,226,3,3
2012,13,lotus_f1,217,0,4
2012,13,mercedes,126,1,5
2012,13,sauber,100,0,6
2012,13,force_india,63,0,7
2012,13,williams,54,1,8
2012,13,toro_rosso,12,0,9
2012,13,caterham,0,0,10
2012,13,marussia,0,0,11
2012,13,hrt,0,0,12
2012,14,red_bull,297,4,1
2012,14,mclaren,261,5,2
2012,14,ferrari,245,3,3
2012,14,lotus_f1,231,0,4
2012,14,mercedes,136,1,5
2012,14,sauber,101,0,6
2012,14,force_india,75,0,7
2012,14,williams,54,1,8
2012,14,toro_rosso,14,0,9
2012,14,marussia,0,0,10
2012,14,caterham,0,0,11
2012,14,hrt,0,0,12
2012,15,red_bull,324,5,1
2012,15,mclaren,283,5,2
2012,15,ferrari,263,3,3
2012,15,lotus_f1,239,0,4
2012,15,mercedes,136,1,5
2012,15,sauber,116,0,6
2012,15,force_india,81,0,7
2012,15,williams,58,1,8
2012,15,toro_rosso,15,0,9
2012,15,marussia,0,0,10
2012,15,caterham,0,0,11
2012,15,hrt,0,0,12
2012,16,red_bull,367,6,1
2012,16,ferrari,290,3,2
2012,16,mclaren,284,5,3
2012,16,lotus_f1,255,0,4
2012,16,mercedes,136,1,5
2012,16,sauber,116,0,6
2012,16,force_india,89,0,7
2012,16,williams,58,1,8
2012,16,toro_rosso,21,0,9
2012,16,marussia,0,0,10
2012,16,caterham,0,0,11
2012,16,hrt,0,0,12
2012,17,red_bull,407,7,1
2012,17,ferrari,316,3,2
2012,17,mclaren,306,5,3
2012,17,lotus_f1,263,0,4
2012,17,mercedes,136,1,5
2012,17,sauber,116,0,6
2012,17,force_india,93,0,7
2012,17,williams,59,1,8
2012,17,toro_rosso,21,0,9
2012,17,marussia,0,0,10
2012,17,caterham,0,0,11
2012,17,hrt,0,0,12
2012,18,red_bull,422,7,1
2012,18,ferrari,340,3,2
2012,18,mclaren,318,5,3
2012,18,lotus_f1,288,1,4
2012,18,mercedes,136,1,5
2012,18,sauber,124,0,6
2012,18,force_india,95,0,7
2012,18,williams,73,1,8
2012,18,toro_rosso,22,0,9
2012,18,marussia,0,0,10
2012,18,caterham,0,0,11
2012,18,hrt,0,0,12
2012,19,red_bull,440,7,1
2012,19,ferrari,367,3,2
2012,19,mclaren,353,6,3
2012,19,lotus_f1,302,1,4
2012,19,mercedes,136,1,5
2012,19,sauber,124,0,6
2012,19,force_india,99,0,7
2012,19,williams,76,1,8
2012,19,toro_rosso,22,0,9
2012,19,marussia,0,0,10
2012,19,caterham,0,0,11
2012,19,hrt,0,0,12
2012,20,red_bull,460,7,1
2012,20,ferrari,400,3,2
2012,20,mclaren,378,7,3
2012,20,lotus_f1,303,1,4
2012,20,mercedes,142,1,5
2012,20,sauber,126,0,6
2012,20,force_india,109,0,7
2012,20,williams,76,1,8
2012,20,toro_rosso,26,0,9
2012,20,caterham,0,0,10
2012,20,marussia,0,0,11
2012,20,hrt,0,0,12
2013,1,ferrari,30,0,1
2013,1,lotus_f1,26,1,2
2013,1,red_bull,23,0,3
2013,1,mercedes,10,0,4
2013,1,force_india,10,0,5
2013,1,mclaren,2,0,6
2013,1,toro_rosso,0,0,7
2013,1,sauber,0,0,8
2013,1,williams,0,0,9
2013,1,marussia,0,0,10
2013,1,caterham,0,0,11
2013,2,red_bull,66,1,1
2013,2,lotus_f1,40,1,2
2013,2,ferrari,40,0,3
2013,2,mercedes,37,0,4
2013,2,force_india,10,0,5
2013,2,sauber,4,0,6
2013,2,mclaren,4,0,7
2013,2,toro_rosso,1,0,8
2013,2,williams,0,0,9
2013,2,marussia,0,0,10
2013,2,caterham,0,0,11
2013,3,red_bull,78,1,1
2013,3,ferrari,73,1,2
2013,3,lotus_f1,60,1,3
2013,3,mercedes,52,0,4
2013,3,mclaren,14,0,5
2013,3,force_india,14,0,6
2013,3,toro_rosso,7,0,7
2013,3,sauber,5,0,8
2013,3,williams,0,0,9
2013,3,marussia,0,0,10
2013,3,caterham,0,0,11
2013,4,red_bull,109,2,1
2013,4,lotus_f1,93,1,2
2013,4,ferrari,77,1,3
2013,4,mercedes,64,0,4
2013,4,force_india,26,0,5
2013,4,mclaren,23,0,6
2013,4,toro_rosso,7,0,7
2013,4,sauber,5,0,8
2013,4,williams,0,0,9
2013,4,marussia,0,0,10
2013,4,caterham,0,0,11
2013,5,red_bull,131,2,1
2013,5,ferrari,117,2,2
2013,5,lotus_f1,111,1,3
2013,5,mercedes,72,0,4
2013,5,force_india,32,0,5
2013,5,mclaren,29,0,6
2013,5,toro_rosso,8,0,7
2013,5,sauber,5,0,8
2013,5,williams,0,0,9
2013,5,marussia,0,0,10
2013,5,caterham,0,0,11
2013,6,red_bull,164,2,1
2013,6,ferrari,123,2,2
2013,6,lotus_f1,112,1,3
2013,6,mercedes,109,1,4
2013,6,force_india,44,0,5
2013,6,mclaren,37,0,6
2013,6,toro_rosso,12,0,7
2013,6,sauber,5,0,8
2013,6,williams,0,0,9
2013,6,marussia,0,0,10
2013,6,caterham,0,0,11
2013,7,red_bull,201,3,1
2013,7,ferrari,145,2,2
2013,7,mercedes,134,1,3
2013,7,lotus_f1,114,1,4
2013,7,force_india,51,0,5
2013,7,mclaren,37,0,6
2013,7,toro_rosso,20,0,7
2013,7,sauber,5,0,8
2013,7,williams,0,0,9
2013,7,marussia,0,0,10
2013,7,caterham,0,0,11
2013,8,red_bull,219,3,1
2013,8,mercedes,171,2,2
2013,8,ferrari,168,2,3
2013,8,lotus_f1,124,1,4
2013,8,force_india,59,0,5
2013,8,mclaren,37,0,6
2013,8,toro_rosso,24,0,7
2013,8,sauber,6,0,8
2013,8,williams,0,0,9
2013,8,marussia,0,0,10
2013,8,caterham,0,0,11
2013,9,red_bull,250,4,1
2013,9,mercedes,183,2,2
2013,9,ferrari,180,2,3
2013,9,lotus_f1,157,1,4
2013,9,force_india,59,0,5
2013,9,mclaren,49,0,6
2013,9,toro_rosso,24,0,7
2013,9,sauber,7,0,8
2013,9,williams,0,0,9
2013,9,marussia,0,0,10
2013,9,caterham,0,0,11
2013,10,red_bull,277,4,1
2013,10,mercedes,208,3,2
2013,10,ferrari,194,2,3
2013,10,lotus_f1,183,1,4
2013,10,force_india,59,0,5
2013,10,mclaren,57,0,6
2013,10,toro_rosso,24,0,7
2013,10,sauber,7,0,8
2013,10,williams,1,0,9
2013,10,marussia,0,0,10
2013,10,caterham,0,0,11
2013,11,red_bull,312,5,1
2013,11,mercedes,235,3,2
2013,11,ferrari,218,2,3
2013,11,lotus_f1,187,1,4
2013,11,mclaren,65,0,5
2013,11,force_india,61,0,6
2013,11,toro_rosso,25,0,7
2013,11,sauber,7,0,8
2013,11,williams,1,0,9
2013,11,marussia,0,0,10
2013,11,caterham,0,0,11
2013,12,red_bull,352,6,1
2013,12,ferrari,248,2,2
2013,12,mercedes,245,3,3
2013,12,lotus_f1,191,1,4
2013,12,mclaren,66,0,5
2013,12,force_india,61,0,6
2013,12,toro_rosso,31,0,7
2013,12,sauber,17,0,8
2013,12,williams,1,0,9
2013,12,marussia,0,0,10
2013,12,caterham,0,0,11
2013,13,red_bull,377,7,1
2013,13,ferrari,274,2,2
2013,13,mercedes,267,3,3
2013,13,lotus_f1,206,1,4
2013,13,mclaren,76,0,5
2013,13,force_india,62,0,6
2013,13,toro_rosso,31,0,7
2013,13,sauber,19,0,8
2013,13,williams,1,0,9
2013,13,marussia,0,0,10
2013,13,caterham,0,0,11
2013,14,red_bull,402,8,1
2013,14,ferrari,284,2,2
2013,14,mercedes,283,3,3
2013,14,lotus_f1,239,1,4
2013,14,mclaren,81,0,5
2013,14,force_india,62,0,6
2013,14,sauber,31,0,7
2013,14,toro_rosso,31,0,8
2013,14,williams,1,0,9
2013,14,marussia,0,0,10
2013,14,caterham,0,0,11
2013,15,red_bull,445,9,1
2013,15,ferrari,297,2,2
2013,15,mercedes,287,3,3
2013,15,lotus_f1,264,1,4
2013,15,mclaren,83,0,5
2013,15,force_india,62,0,6
2013,15,sauber,45,0,7
2013,15,toro_rosso,31,0,8
2013,15,williams,1,0,9
2013,15,marussia,0,0,10
2013,15,caterham,0,0,11
2013,16,red_bull,470,10,1
2013,16,mercedes,313,3,2
2013,16,ferrari,309,2,3
2013,16,lotus_f1,285,1,4
2013,16,mclaren,93,0,5
2013,16,force_india,68,0,6
2013,16,sauber,45,0,7
2013,16,toro_rosso,32,0,8
2013,16,williams,1,0,9
2013,16,marussia,0,0,10
2013,16,caterham,0,0,11
2013,17,red_bull,513,11,1
2013,17,mercedes,334,3,2
2013,17,ferrari,323,2,3
2013,17,lotus_f1,297,1,4
2013,17,mclaren,95,0,5
2013,17,force_india,77,0,6
2013,17,sauber,45,0,7
2013,17,toro_rosso,32,0,8
2013,17,williams,1,0,9
2013,17,marussia,0,0,10
2013,17,caterham,0,0,11
2013,18,red_bull,553,12,1
2013,18,mercedes,348,3,2
2013,18,ferrari,333,2,3
2013,18,lotus_f1,315,1,4
2013,18,mclaren,102,0,5
2013,18,force_india,77,0,6
2013,18,sauber,53,0,7
2013,18,toro_rosso,32,0,8
2013,18,williams,5,0,9
2013,18,marussia,0,0,10
2013,18,caterham,0,0,11
2013,19,red_bull,596,13,1
2013,19,mercedes,360,3,2
2013,19,ferrari,354,2,3
2013,19,lotus_f1,315,1,4
2013,19,mclaren,122,0,5
2013,19,force_india,77,0,6
2013,19,sauber,57,0,7
2013,19,toro_rosso,33,0,8
2013,19,williams,5,0,9
2013,19,marussia,0,0,10
2013,19,caterham,0,0,11
2014,1,mclaren,33,0,1
2014,1,mercedes,25,1,2
2014,1,ferrari,18,0,3
2014,1,williams,10,0,4
2014,1,force_india,9,0,5
2014,1,toro_rosso,6,0,6
2014,1,sauber,0,0,7
2014,1,marussia,0,0,8
2014,1,lotus_f1,0,0,9
2014,1,caterham,0,0,10
2014,1,red_bull,0,0,11
2014,2,mercedes,68,2,1
2014,2,mclaren,43,0,2
2014,2,ferrari,30,0,3
2014,2,williams,20,0,4
2014,2,force_india,19,0,5
2014,2,red_bull,15,0,6
2014,2,toro_rosso,7,0,7
2014,2,sauber,0,0,8
2014,2,lotus_f1,0,0,9
2014,2,caterham,0,0,10
2014,2,marussia,0,0,11
2014,3,mercedes,111,3,1
2014,3,force_india,44,0,2
2014,3,mclaren,43,0,3
2014,3,red_bull,35,0,4
2014,3,ferrari,33,0,5
2014,3,williams,30,0,6
2014,3,toro_rosso,7,0,7
2014,3,lotus_f1,0,0,8
2014,3,sauber,0,0,9
2014,3,marussia,0,0,10
2014,3,caterham,0,0,11
2014,4,mercedes,154,4,1
2014,4,red_bull,57,0,2
2014,4,force_india,54,0,3
2014,4,ferrari,52,0,4
2014,4,mclaren,43,0,5
2014,4,williams,36,0,6
2014,4,toro_rosso,8,0,7
2014,4,lotus_f1,0,0,8
2014,4,sauber,0,0,9
2014,4,marussia,0,0,10
2014,4,caterham,0,0,11
2014,5,mercedes,197,5,1
2014,5,red_bull,84,0,2
2014,5,ferrari,66,0,3
2014,5,force_india,57,0,4
2014,5,williams,46,0,5
2014,5,mclaren,43,0,6
2014,5,toro_rosso,8,0,7
2014,5,lotus_f1,4,0,8
2014,5,sauber,0,0,9
2014,5,marussia,0,0,10
2014,5,caterham,0,0,11
2014,6,mercedes,240,6,1
2014,6,red_bull,99,0,2
2014,6,ferrari,78,0,3
2014,6,force_india,67,0,4
2014,6,mclaren,52,0,5
2014,6,williams,52,0,6
2014,6,lotus_f1,8,0,7
2014,6,toro_rosso,8,0,8
2014,6,marussia,2,0,9
2014,6,sauber,0,0,10
2014,6,caterham,0,0,11
2014,7,mercedes,258,6,1
2014,7,red_bull,139,1,2
2014,7,ferrari,87,0,3
2014,7,force_india,77,0,4
2014,7,mclaren,66,0,5
2014,7,williams,58,0,6
2014,7,toro_rosso,12,0,7
2014,7,lotus_f1,8,0,8
2014,7,marussia,2,0,9
2014,7,sauber,0,0,10
2014,7,caterham,0,0,11
2014,8,mercedes,301,7,1
2014,8,red_bull,143,1,2
2014,8,ferrari,98,0,3
2014,8,force_india,87,0,4
2014,8,williams,85,0,5
2014,8,mclaren,72,0,6
2014,8,toro_rosso,12,0,7
2014,8,lotus_f1,8,0,8
2014,8,marussia,2,0,9
2014,8,sauber,0,0,10
2014,8,caterham,0,0,11
2014,9,mercedes,326,8,1
2014,9,red_bull,168,1,2
2014,9,ferrari,106,0,3
2014,9,williams,103,0,4
2014,9,force_india,91,0,5
2014,9,mclaren,90,0,6
2014,9,toro_rosso,15,0,7
2014,9,lotus_f1,8,0,8
2014,9,marussia,2,0,9
2014,9,sauber,0,0,10
2014,9,caterham,0,0,11
2014,10,mercedes,366,9,1
2014,10,red_bull,188,1,2
2014,10,williams,121,0,3
2014,10,ferrari,116,0,4
2014,10,force_india,98,0,5
2014,10,mclaren,96,0,6
2014,10,toro_rosso,15,0,7
2014,10,lotus_f1,8,0,8
2014,10,marussia,2,0,9
2014,10,sauber,0,0,10
2014,10,caterham,0,0,11
2014,11,mercedes,393,9,1
2014,11,red_bull,219,2,2
2014,11,ferrari,142,0,3
2014,11,williams,135,0,4
2014,11,force_india,98,0,5
2014,11,mclaren,97,0,6
2014,11,toro_rosso,17,0,7
2014,11,lotus_f1,8,0,8
2014,11,marussia,2,0,9
2014,11,sauber,0,0,10
2014,11,caterham,0,0,11
2014,12,mercedes,411,9,1
2014,12,red_bull,254,3,2
2014,12,ferrari,160,0,3
2014,12,williams,150,0,4
2014,12,mclaren,105,0,5
2014,12,force_india,103,0,6
2014,12,toro_rosso,19,0,7
2014,12,lotus_f1,8,0,8
2014,12,marussia,2,0,9
2014,12,sauber,0,0,10
2014,12,caterham,0,0,11
2014,13,mercedes,454,10,1
2014,13,red_bull,272,3,2
2014,13,williams,177,0,3
2014,13,ferrari,162,0,4
2014,13,mclaren,110,0,5
2014,13,force_india,109,0,6
2014,13,toro_rosso,19,0,7
2014,13,lotus_f1,8,0,8
2014,13,marussia,2,0,9
2014,13,sauber,0,0,10
2014,13,caterham,0,0,11
2014,14,mercedes,479,11,1
2014,14,red_bull,305,3,2
2014,14,williams,187,0,3
2014,14,ferrari,178,0,4
2014,14,force_india,117,0,5
2014,14,mclaren,111,0,6
2014,14,toro_rosso,27,0,7
2014,14,lotus_f1,8,0,8
2014,14,marussia,2,0,9
2014,14,sauber,0,0,10
2014,14,caterham,0,0,11
2014,15,mercedes,522,12,1
2014,15,red_bull,332,3,2
2014,15,williams,201,0,3
2014,15,ferrari,178,0,4
2014,15,force_india,122,0,5
2014,15,mclaren,121,0,6
2014,15,toro_rosso,29,0,7
2014,15,lotus_f1,8,0,8
2014,15,marussia,2,0,9
2014,15,sauber,0,0,10
2014,15,caterham,0,0,11
2014,16,mercedes,565,13,1
2014,16,red_bull,342,3,2
2014,16,williams,216,0,3
2014,16,ferrari,188,0,4
2014,16,mclaren,143,0,5
2014,16,force_india,123,0,6
2014,16,toro_rosso,29,0,7
2014,16,lotus_f1,8,0,8
2014,16,marussia,2,0,9
2014,16,sauber,0,0,10
2014,16,caterham,0,0,11
2014,17,mercedes,608,14,1
2014,17,red_bull,363,3,2
2014,17,williams,238,0,3
2014,17,ferrari,196,0,4
2014,17,mclaren,147,0,5
2014,17,force_india,123,0,6
2014,17,toro_rosso,30,0,7
2014,17,lotus_f1,10,0,8
2014,17,marussia,2,0,9
2014,17,sauber,0,0,10
2014,17,caterham,0,0,11
2014,18,mercedes,651,15,1
2014,18,red_bull,373,3,2
2014,18,williams,254,0,3
2014,18,ferrari,210,0,4
2014,18,mclaren,161,0,5
2014,18,force_india,127,0,6
2014,18,toro_rosso,30,0,7
2014,18,lotus_f1,10,0,8
2014,18,marussia,2,0,9
2014,18,sauber,0,0,10
2014,18,caterham,0,0,11
2014,19,mercedes,701,16,1
2014,19,red_bull,405,3,2
2014,19,williams,320,0,3
2014,19,ferrari,216,0,4
2014,19,mclaren,181,0,5
2014,19,force_india,155,0,6
2014,19,toro_rosso,30,0,7
2014,19,lotus_f1,10,0,8
2014,19,marussia,2,0,9
2014,19,sauber,0,0,10
2014,19,caterham,0,0,11
2015,1,mercedes,43,1,1
2015,1,ferrari,15,0,2
2015,1,sauber,14,0,3
2015,1,williams,12,0,4
2015,1,red_bull,8,0,5
2015,1,force_india,7,0,6
2015,1,toro_rosso,2,0,7
2015,1,mclaren,0,0,8
2015,1,lotus_f1,0,0,9
2015,2,mercedes,76,1,1
2015,2,ferrari,52,1,2
2015,2,williams,30,0,3
2015,2,sauber,14,0,4
2015,2,toro_rosso,12,0,5
2015,2,red_bull,11,0,6
2015,2,force_india,7,0,7
2015,2,lotus_f1,0,0,8
2015,2,mclaren,0,0,9
2015,2,manor,0,0,10
2015,3,mercedes,119,2,1
2015,3,ferrari,79,1,2
2015,3,williams,48,0,3
2015,3,sauber,19,0,4
2015,3,red_bull,13,0,5
2015,3,toro_rosso,12,0,6
2015,3,force_india,7,0,7
2015,3,lotus_f1,6,0,8
2015,3,mclaren,0,0,9
2015,3,manor,0,0,10
2015,4,mercedes,159,3,1
2015,4,ferrari,107,1,2
2015,4,williams,61,0,3
2015,4,red_bull,23,0,4
2015,4,sauber,19,0,5
2015,4,lotus_f1,12,0,6
2015,4,toro_rosso,12,0,7
2015,4,force_india,11,0,8
2015,4,mclaren,0,0,9
2015,4,manor,0,0,10
2015,5,mercedes,202,4,1
2015,5,ferrari,132,1,2
2015,5,williams,81,0,3
2015,5,red_bull,30,0,4
2015,5,sauber,19,0,5
2015,5,lotus_f1,16,0,6
2015,5,toro_rosso,14,0,7
2015,5,force_india,11,0,8
2015,5,mclaren,0,0,9
2015,5,manor,0,0,10
2015,6,mercedes,242,5,1
2015,6,ferrari,158,1,2
2015,6,williams,81,0,3
2015,6,red_bull,52,0,4
2015,6,sauber,21,0,5
2015,6,force_india,17,0,6
2015,6,lotus_f1,16,0,7
2015,6,toro_rosso,15,0,8
2015,6,mclaren,4,0,9
2015,6,manor,0,0,10
2015,7,mercedes,285,6,1
2015,7,ferrari,180,1,2
2015,7,williams,104,0,3
2015,7,red_bull,54,0,4
2015,7,lotus_f1,23,0,5
2015,7,sauber,21,0,6
2015,7,force_india,21,0,7
2015,7,toro_rosso,15,0,8
2015,7,mclaren,4,0,9
2015,7,manor,0,0,10
2015,8,mercedes,328,7,1
2015,8,ferrari,192,1,2
2015,8,williams,129,0,3
2015,8,red_bull,55,0,4
2015,8,force_india,31,0,5
2015,8,lotus_f1,29,0,6
2015,8,sauber,21,0,7
2015,8,toro_rosso,19,0,8
2015,8,mclaren,4,0,9
2015,8,manor,0,0,10
2015,9,mercedes,371,8,1
2015,9,ferrari,211,1,2
2015,9,williams,151,0,3
2015,9,red_bull,63,0,4
2015,9,force_india,39,0,5
2015,9,lotus_f1,29,0,6
2015,9,sauber,21,0,7
2015,9,toro_rosso,19,0,8
2015,9,mclaren,5,0,9
2015,9,manor,0,0,10
2015,10,mercedes,383,8,1
2015,10,ferrari,236,2,2
2015,10,williams,151,0,3
2015,10,red_bull,96,0,4
2015,10,force_india,39,0,5
2015,10,lotus_f1,35,0,6
2015,10,toro_rosso,31,0,7
2015,10,sauber,22,0,8
2015,10,mclaren,17,0,9
2015,10,manor,0,0,10
2015,11,mercedes,426,9,1
2015,11,ferrari,242,2,2
2015,11,williams,161,0,3
2015,11,red_bull,108,0,4
2015,11,lotus_f1,50,0,5
2015,11,force_india,49,0,6
2015,11,toro_rosso,35,0,7
2015,11,sauber,23,0,8
2015,11,mclaren,17,0,9
2015,11,manor,0,0,10
2015,12,mercedes,451,10,1
2015,12,ferrari,270,2,2
2015,12,williams,188,0,3
2015,12,red_bull,113,0,4
2015,12,force_india,63,0,5
2015,12,lotus_f1,50,0,6
2015,12,toro_rosso,35,0,7
2015,12,sauber,25,0,8
2015,12,mclaren,17,0,9
2015,12,manor,0,0,10
2015,13,mercedes,463,10,1
2015,13,ferrari,310,3,2
2015,13,williams,198,0,3
2015,13,red_bull,139,0,4
2015,13,force_india,69,0,5
2015,13,lotus_f1,50,0,6
2015,13,toro_rosso,41,0,7
2015,13,sauber,26,0,8
2015,13,mclaren,17,0,9
2015,13,manor,0,0,10
2015,14,mercedes,506,11,1
2015,14,ferrari,337,3,2
2015,14,williams,208,0,3
2015,14,red_bull,139,0,4
2015,14,force_india,77,0,5
2015,14,lotus_f1,60,0,6
2015,14,toro_rosso,44,0,7
2015,14,sauber,26,0,8
2015,14,mclaren,17,0,9
2015,14,manor,0,0,10
2015,15,mercedes,531,12,1
2015,15,ferrari,359,3,2
2015,15,williams,220,0,3
2015,15,red_bull,149,0,4
2015,15,force_india,92,0,5
2015,15,lotus_f1,66,0,6
2015,15,toro_rosso,45,0,7
2015,15,sauber,34,0,8
2015,15,mclaren,19,0,9
2015,15,manor,0,0,10
2015,16,mercedes,574,13,1
2015,16,ferrari,374,3,2
2015,16,williams,220,0,3
2015,16,red_bull,150,0,4
2015,16,force_india,102,0,5
2015,16,lotus_f1,70,0,6
2015,16,toro_rosso,63,0,7
2015,16,sauber,36,0,8
2015,16,mclaren,27,0,9
2015,16,manor,0,0,10
2015,17,mercedes,617,14,1
2015,17,ferrari,374,3,2
2015,17,williams,243,0,3
2015,17,red_bull,172,0,4
2015,17,force_india,112,0,5
2015,17,lotus_f1,71,0,6
2015,17,toro_rosso,65,0,7
2015,17,sauber,36,0,8
2015,17,mclaren,27,0,9
2015,17,manor,0,0,10
2015,18,mercedes,660,15,1
2015,18,ferrari,401,3,2
2015,18,williams,253,0,3
2015,18,red_bull,178,0,4
2015,18,force_india,120,0,5
2015,18,lotus_f1,76,0,6
2015,18,toro_rosso,67,0,7
2015,18,sauber,36,0,8
2015,18,mclaren,27,0,9
2015,18,manor,0,0,10
2015,19,mercedes,703,16,1
2015,19,ferrari,428,3,2
2015,19,williams,257,0,3
2015,19,red_bull,187,0,4
2015,19,force_india,136,0,5
2015,19,lotus_f1,78,0,6
2015,19,toro_rosso,67,0,7
2015,19,sauber,36,0,8
2015,19,mclaren,27,0,9
2015,19,manor,0,0,10
2016,1,mercedes,43,1,1
2016,1,ferrari,15,0,2
2016,1,williams,14,0,3
2016,1,red_bull,12,0,4
2016,1,haas,8,0,5
2016,1,force_india,6,0,6
2016,1,toro_rosso,3,0,7
2016,1,renault,0,0,8
2016,1,mclaren,0,0,9
2016,1,sauber,0,0,10
2016,1,manor,0,0,11
2016,2,mercedes,83,2,1
2016,2,ferrari,33,0,2
2016,2,red_bull,30,0,3
2016,2,williams,20,0,4
2016,2,haas,18,0,5
2016,2,toro_rosso,11,0,6
2016,2,force_india,6,0,7
2016,2,mclaren,1,0,8
2016,2,renault,0,0,9
2016,2,sauber,0,0,10
2016,2,manor,0,0,11
2016,3,mercedes,114,3,1
2016,3,ferrari,61,0,2
2016,3,red_bull,57,0,3
2016,3,williams,29,0,4
2016,3,haas,18,0,5
2016,3,toro_rosso,17,0,6
2016,3,force_india,6,0,7
2016,3,mclaren,1,0,8
2016,3,renault,0,0,9
2016,3,sauber,0,0,10
2016,3,manor,0,0,11
2016,4,mercedes,157,4,1
2016,4,ferrari,76,0,2
2016,4,red_bull,57,0,3
2016,4,williams,51,0,4
2016,4,haas,22,0,5
2016,4,toro_rosso,17,0,6
2016,4,mclaren,10,0,7
2016,4,force_india,8,0,8
2016,4,renault,6,0,9
2016,4,sauber,0,0,10
2016,4,manor,0,0,11
2016,5,mercedes,157,4,1
2016,5,ferrari,109,0,2
2016,5,red_bull,94,1,3
2016,5,williams,65,0,4
2016,5,toro_rosso,26,0,5
2016,5,haas,22,0,6
2016,5,force_india,14,0,7
2016,5,mclaren,12,0,8
2016,5,renault,6,0,9
2016,5,sauber,0,0,10
2016,5,manor,0,0,11
2016,6,mercedes,188,5,1
2016,6,ferrari,121,0,2
2016,6,red_bull,112,1,3
2016,6,williams,66,0,4
2016,6,force_india,37,0,5
2016,6,toro_rosso,30,0,6
2016,6,mclaren,24,0,7
2016,6,haas,22,0,8
2016,6,renault,6,0,9
2016,6,sauber,0,0,10
2016,6,manor,0,0,11
2016,7,mercedes,223,6,1
2016,7,ferrari,147,0,2
2016,7,red_bull,130,1,3
2016,7,williams,81,0,4
2016,7,force_india,42,0,5
2016,7,toro_rosso,32,0,6
2016,7,mclaren,24,0,7
2016,7,haas,22,0,8
2016,7,renault,6,0,9
2016,7,sauber,0,0,10
2016,7,manor,0,0,11
2016,8,mercedes,258,7,1
2016,8,ferrari,177,0,2
2016,8,red_bull,140,1,3
2016,8,williams,90,0,4
2016,8,force_india,59,0,5
2016,8,toro_rosso,32,0,6
2016,8,mclaren,24,0,7
2016,8,haas,22,0,8
2016,8,renault,6,0,9
2016,8,sauber,0,0,10
2016,8,manor,0,0,11
2016,9,mercedes,295,8,1
2016,9,ferrari,192,0,2
2016,9,red_bull,168,1,3
2016,9,williams,92,0,4
2016,9,force_india,59,0,5
2016,9,toro_rosso,36,0,6
2016,9,mclaren,32,0,7
2016,9,haas,28,0,8
2016,9,renault,6,0,9
2016,9,manor,1,0,10
2016,9,sauber,0,0,11
2016,10,mercedes,335,9,1
2016,10,ferrari,204,0,2
2016,10,red_bull,198,1,3
2016,10,williams,92,0,4
2016,10,force_india,73,0,5
2016,10,toro_rosso,41,0,6
2016,10,mclaren,32,0,7
2016,10,haas,28,0,8
2016,10,renault,6,0,9
2016,10,manor,1,0,10
2016,10,sauber,0,0,11
2016,11,mercedes,378,10,1
2016,11,ferrari,224,0,2
2016,11,red_bull,223,1,3
2016,11,williams,94,0,4
2016,11,force_india,74,0,5
2016,11,toro_rosso,45,0,6
2016,11,mclaren,38,0,7
2016,11,haas,28,0,8
2016,11,renault,6,0,9
2016,11,manor,1,0,10
2016,11,sauber,0,0,11
2016,12,mercedes,415,11,1
2016,12,red_bull,256,1,2
2016,12,ferrari,242,0,3
2016,12,williams,96,0,4
2016,12,force_india,81,0,5
2016,12,toro_rosso,45,0,6
2016,12,mclaren,42,0,7
2016,12,haas,28,0,8
2016,12,renault,6,0,9
2016,12,manor,1,0,10
2016,12,sauber,0,0,11
2016,13,mercedes,455,12,1
2016,13,red_bull,274,1,2
2016,13,ferrari,252,0,3
2016,13,force_india,103,0,4
2016,13,williams,101,0,5
2016,13,mclaren,48,0,6
2016,13,toro_rosso,45,0,7
2016,13,haas,28,0,8
2016,13,renault,6,0,9
2016,13,manor,1,0,10
2016,13,sauber,0,0,11
2016,14,mercedes,498,13,1
2016,14,red_bull,290,1,2
2016,14,ferrari,279,0,3
2016,14,williams,111,0,4
2016,14,force_india,108,0,5
2016,14,mclaren,48,0,6
2016,14,toro_rosso,45,0,7
2016,14,haas,28,0,8
2016,14,renault,6,0,9
2016,14,manor,1,0,10
2016,14,sauber,0,0,11
2016,15,mercedes,538,14,1
2016,15,red_bull,316,1,2
2016,15,ferrari,301,0,3
2016,15,force_india,112,0,4
2016,15,williams,111,0,5
2016,15,mclaren,54,0,6
2016,15,toro_rosso,47,0,7
2016,15,haas,28,0,8
2016,15,renault,7,0,9
2016,15,manor,1,0,10
2016,15,sauber,0,0,11
2016,16,mercedes,553,14,1
2016,16,red_bull,359,2,2
2016,16,ferrari,313,0,3
2016,16,force_india,124,0,4
2016,16,williams,121,0,5
2016,16,mclaren,62,0,6
2016,16,toro_rosso,47,0,7
2016,16,haas,28,0,8
2016,16,renault,8,0,9
2016,16,manor,1,0,10
2016,16,sauber,0,0,11
2016,17,mercedes,593,15,1
2016,17,red_bull,385,2,2
2016,17,ferrari,335,0,3
2016,17,force_india,134,0,4
2016,17,williams,124,0,5
2016,17,mclaren,62,0,6
2016,17,toro_rosso,47,0,7
2016,17,haas,28,0,8
2016,17,renault,8,0,9
2016,17,manor,1,0,10
2016,17,sauber,0,0,11
2016,18,mercedes,636,16,1
2016,18,red_bull,400,2,2
2016,18,ferrari,347,0,3
2016,18,force_india,138,0,4
2016,18,williams,130,0,5
2016,18,mclaren,74,0,6
2016,18,toro_rosso,55,0,7
2016,18,haas,29,0,8
2016,18,renault,8,0,9
2016,18,manor,1,0,10
2016,18,sauber,0,0,11
2016,19,mercedes,679,17,1
2016,19,red_bull,427,2,2
2016,19,ferrari,365,0,3
2016,19,force_india,145,0,4
2016,19,williams,136,0,5
2016,19,mclaren,74,0,6
2016,19,toro_rosso,55,0,7
2016,19,haas,29,0,8
2016,19,renault,8,0,9
2016,19,manor,1,0,10
2016,19,sauber,0,0,11
2016,20,mercedes,722,18,1
2016,20,red_bull,446,2,2
2016,20,ferrari,375,0,3
2016,20,force_india,163,0,4
2016,20,williams,136,0,5
2016,20,mclaren,75,0,6
2016,20,toro_rosso,63,0,7
2016,20,haas,29,0,8
2016,20,renault,8,0,9
2016,20,sauber,2,0,10
2016,20,manor,1,0,11
2016,21,mercedes,765,19,1
2016,21,red_bull,468,2,2
2016,21,ferrari,398,0,3
2016,21,force_india,173,0,4
2016,21,williams,138,0,5
2016,21,mclaren,76,0,6
2016,21,toro_rosso,63,0,7
2016,21,haas,29,0,8
2016,21,renault,8,0,9
2016,21,sauber,2,0,10
2016,21,manor,1,0,11
2017,1,ferrari,37,1,1
2017,1,mercedes,33,0,2
2017,1,red_bull,10,0,3
2017,1,williams,8,0,4
2017,1,force_india,7,0,5
2017,1,toro_rosso,6,0,6
2017,1,renault,0,0,7
2017,1,sauber,0,0,8
2017,1,mclaren,0,0,9
2017,1,haas,0,0,10
2017,2,mercedes,66,1,1
2017,2,ferrari,65,1,2
2017,2,red_bull,37,0,3
2017,2,toro_rosso,12,0,4
2017,2,force_india,10,0,5
2017,2,williams,8,0,6
2017,2,haas,4,0,7
2017,2,renault,0,0,8
2017,2,sauber,0,0,9
2017,2,mclaren,0,0,10
2017,3,ferrari,102,2,1
2017,3,mercedes,99,1,2
2017,3,red_bull,47,0,3
2017,3,force_india,17,0,4
2017,3,williams,16,0,5
2017,3,toro_rosso,12,0,6
2017,3,haas,8,0,7
2017,3,renault,2,0,8
2017,3,sauber,0,0,9
2017,3,mclaren,0,0,10
2017,4,mercedes,136,2,1
2017,4,ferrari,135,2,2
2017,4,red_bull,57,0,3
2017,4,force_india,31,0,4
2017,4,williams,18,0,5
2017,4,toro_rosso,13,0,6
2017,4,haas,8,0,7
2017,4,renault,6,0,8
2017,4,sauber,0,0,9
2017,4,mclaren,0,0,10
2017,5,mercedes,161,3,1
2017,5,ferrari,153,2,2
2017,5,red_bull,72,0,3
2017,5,force_india,53,0,4
2017,5,toro_rosso,21,0,5
2017,5,williams,18,0,6
2017,5,renault,14,0,7
2017,5,haas,9,0,8
2017,5,sauber,4,0,9
2017,5,mclaren,0,0,10
2017,6,ferrari,196,3,1
2017,6,mercedes,179,3,2
2017,6,red_bull,97,0,3
2017,6,force_india,53,0,4
2017,6,toro_rosso,29,0,5
2017,6,williams,20,0,6
2017,6,renault,14,0,7
2017,6,haas,14,0,8
2017,6,sauber,4,0,9
2017,6,mclaren,0,0,10
2017,7,mercedes,222,4,1
2017,7,ferrari,214,3,2
2017,7,red_bull,112,0,3
2017,7,force_india,71,0,4
2017,7,toro_rosso,29,0,5
2017,7,williams,22,0,6
2017,7,renault,18,0,7
2017,7,haas,15,0,8
2017,7,sauber,4,0,9
2017,7,mclaren,0,0,10
2017,8,mercedes,250,4,1
2017,8,ferrari,226,3,2
2017,8,red_bull,137,1,3
2017,8,force_india,79,0,4
2017,8,williams,37,0,5
2017,8,toro_rosso,33,0,6
2017,8,haas,21,0,7
2017,8,renault,18,0,8
2017,8,sauber,5,0,9
2017,8,mclaren,2,0,10
2017,9,mercedes,287,5,1
2017,9,ferrari,254,3,2
2017,9,red_bull,152,1,3
2017,9,force_india,89,0,4
2017,9,williams,40,0,5
2017,9,toro_rosso,33,0,6
2017,9,haas,29,0,7
2017,9,renault,18,0,8
2017,9,sauber,5,0,9
2017,9,mclaren,2,0,10
2017,10,mercedes,330,6,1
2017,10,ferrari,275,3,2
2017,10,red_bull,174,1,3
2017,10,force_india,95,0,4
2017,10,williams,41,0,5
2017,10,toro_rosso,33,0,6
2017,10,haas,29,0,7
2017,10,renault,26,0,8
2017,10,sauber,5,0,9
2017,10,mclaren,2,0,10
2017,11,mercedes,357,6,1
2017,11,ferrari,318,4,2
2017,11,red_bull,184,1,3
2017,11,force_india,101,0,4
2017,11,williams,41,0,5
2017,11,toro_rosso,39,0,6
2017,11,haas,29,0,7
2017,11,renault,26,0,8
2017,11,mclaren,11,0,9
2017,11,sauber,5,0,10
2017,12,mercedes,392,7,1
2017,12,ferrari,348,4,2
2017,12,red_bull,199,1,3
2017,12,force_india,103,0,4
2017,12,williams,45,0,5
2017,12,toro_rosso,40,0,6
2017,12,haas,35,0,7
2017,12,renault,34,0,8
2017,12,mclaren,11,0,9
2017,12,sauber,5,0,10
2017,13,mercedes,435,8,1
2017,13,ferrari,373,4,2
2017,13,red_bull,212,1,3
2017,13,force_india,113,0,4
2017,13,williams,55,0,5
2017,13,toro_rosso,40,0,6
2017,13,haas,35,0,7
2017,13,renault,34,0,8
2017,13,mclaren,11,0,9
2017,13,sauber,5,0,10
2017,14,mercedes,475,9,1
2017,14,ferrari,373,4,2
2017,14,red_bull,230,1,3
2017,14,force_india,124,0,4
2017,14,williams,59,0,5
2017,14,toro_rosso,52,0,6
2017,14,renault,42,0,7
2017,14,haas,37,0,8
2017,14,mclaren,17,0,9
2017,14,sauber,5,0,10
2017,15,mercedes,503,9,1
2017,15,ferrari,385,4,2
2017,15,red_bull,270,2,3
2017,15,force_india,133,0,4
2017,15,williams,65,0,5
2017,15,toro_rosso,52,0,6
2017,15,renault,42,0,7
2017,15,haas,37,0,8
2017,15,mclaren,23,0,9
2017,15,sauber,5,0,10
2017,16,mercedes,540,10,1
2017,16,ferrari,395,4,2
2017,16,red_bull,303,2,3
2017,16,force_india,147,0,4
2017,16,williams,66,0,5
2017,16,toro_rosso,52,0,6
2017,16,haas,43,0,7
2017,16,renault,42,0,8
2017,16,mclaren,23,0,9
2017,16,sauber,5,0,10
2017,17,mercedes,575,11,1
2017,17,ferrari,428,4,2
2017,17,red_bull,315,2,3
2017,17,force_india,159,0,4
2017,17,williams,68,0,5
2017,17,toro_rosso,53,0,6
2017,17,renault,48,0,7
2017,17,haas,43,0,8
2017,17,mclaren,23,0,9
2017,17,sauber,5,0,10
2017,18,mercedes,595,11,1
2017,18,ferrari,455,4,2
2017,18,red_bull,340,3,3
2017,18,force_india,175,0,4
2017,18,williams,76,0,5
2017,18,toro_rosso,53,0,6
2017,18,renault,48,0,7
2017,18,haas,47,0,8
2017,18,mclaren,24,0,9
2017,18,sauber,5,0,10
2017,19,mercedes,625,11,1
2017,19,ferrari,495,5,2
2017,19,red_bull,358,3,3
2017,19,force_india,177,0,4
2017,19,williams,82,0,5
2017,19,toro_rosso,53,0,6
2017,19,renault,49,0,7
2017,19,haas,47,0,8
2017,19,mclaren,28,0,9
2017,19,sauber,5,0,10
2017,20,mercedes,668,12,1
2017,20,ferrari,522,5,2
2017,20,red_bull,368,3,3
2017,20,force_india,187,0,4
2017,20,williams,83,0,5
2017,20,renault,57,0,6
2017,20,toro_rosso,53,0,7
2017,20,haas,47,0,8
2017,20,mclaren,30,0,9
2017,20,sauber,5,0,10
2018,1,ferrari,40,1,1
2018,1,mercedes,22,0,2
2018,1,red_bull,20,0,3
2018,1,mclaren,12,0,4
2018,1,renault,7,0,5
2018,1,force_india,0,0,6
2018,1,sauber,0,0,7
2018,1,williams,0,0,8
2018,1,toro_rosso,0,0,9
2018,1,haas,0,0,10
2018,2,ferrari,65,2,1
2018,2,mercedes,55,0,2
2018,2,mclaren,22,0,3
2018,2,red_bull,20,0,4
2018,2,renault,15,0,5
2018,2,toro_rosso,12,0,6
2018,2,haas,10,0,7
2018,2,sauber,2,0,8
2018,2,force_india,1,0,9
2018,2,williams,0,0,10
2018,3,mercedes,85,0,1
2018,3,ferrari,84,2,2
2018,3,red_bull,55,1,3
2018,3,mclaren,28,0,4
2018,3,renault,25,0,5
2018,3,toro_rosso,12,0,6
2018,3,haas,11,0,7
2018,3,sauber,2,0,8
2018,3,force_india,1,0,9
2018,3,williams,0,0,10
2018,4,ferrari,114,2,1
2018,4,mercedes,110,1,2
2018,4,red_bull,55,1,3
2018,4,mclaren,36,0,4
2018,4,renault,35,0,5
2018,4,force_india,16,0,6
2018,4,toro_rosso,13,0,7
2018,4,haas,11,0,8
2018,4,sauber,10,0,9
2018,4,williams,4,0,10
2018,5,mercedes,153,2,1
2018,5,ferrari,126,2,2
2018,5,red_bull,80,1,3
2018,5,renault,41,0,4
2018,5,mclaren,40,0,5
2018,5,haas,19,0,6
2018,5,force_india,18,0,7
2018,5,toro_rosso,13,0,8
2018,5,sauber,11,0,9
2018,5,williams,4,0,10
2018,6,mercedes,178,2,1
2018,6,ferrari,156,2,2
2018,6,red_bull,107,2,3
2018,6,renault,46,0,4
2018,6,mclaren,40,0,5
2018,6,force_india,26,0,6
2018,6,toro_rosso,19,0,7
2018,6,haas,19,0,8
2018,6,sauber,11,0,9
2018,6,williams,4,0,10
2018,7,mercedes,206,2,1
2018,7,ferrari,189,3,2
2018,7,red_bull,134,2,3
2018,7,renault,56,0,4
2018,7,mclaren,40,0,5
2018,7,force_india,28,0,6
2018,7,toro_rosso,19,0,7
2018,7,haas,19,0,8
2018,7,sauber,12,0,9
2018,7,williams,4,0,10
2018,8,mercedes,237,3,1
2018,8,ferrari,214,3,2
2018,8,red_bull,164,2,3
2018,8,renault,62,0,4
2018,8,mclaren,40,0,5
2018,8,force_india,28,0,6
2018,8,haas,27,0,7
2018,8,toro_rosso,19,0,8
2018,8,sauber,13,0,9
2018,8,williams,4,0,10
2018,9,ferrari,247,3,1
2018,9,mercedes,237,3,2
2018,9,red_bull,189,3,3
2018,9,renault,62,0,4
2018,9,haas,49,0,5
2018,9,mclaren,44,0,6
2018,9,force_india,42,0,7
2018,9,toro_rosso,19,0,8
2018,9,sauber,16,0,9
2018,9,williams,4,0,10
2018,10,ferrari,287,4,1
2018,10,mercedes,267,3,2
2018,10,red_bull,199,3,3
2018,10,renault,70,0,4
2018,10,haas,51,0,5
2018,10,force_india,49,0,6
2018,10,mclaren,48,0,7
2018,10,toro_rosso,19,0,8
2018,10,sauber,16,0,9
2018,10,williams,4,0,10
2018,11,mercedes,310,4,1
2018,11,ferrari,302,4,2
2018,11,red_bull,211,3,3
2018,11,renault,80,0,4
2018,11,force_india,59,0,5
2018,11,haas,59,0,6
2018,11,mclaren,48,0,7
2018,11,toro_rosso,20,0,8
2018,11,sauber,18,0,9
2018,11,williams,4,0,10
2018,12,mercedes,345,5,1
2018,12,ferrari,335,4,2
2018,12,red_bull,223,3,3
2018,12,renault,82,0,4
2018,12,haas,66,0,5
2018,12,force_india,59,0,6
2018,12,mclaren,52,0,7
2018,12,toro_rosso,28,0,8
2018,12,sauber,18,0,9
2018,12,williams,4,0,10
2018,13,mercedes,375,5,1
2018,13,ferrari,360,5,2
2018,13,red_bull,238,3,3
2018,13,renault,82,0,4
2018,13,haas,76,0,5
2018,13,mclaren,52,0,6
2018,13,toro_rosso,30,0,7
2018,13,sauber,19,0,8
2018,13,force_india,18,0,9
2018,13,williams,4,0,10
2018,14,mercedes,415,6,1
2018,14,ferrari,390,5,2
2018,14,red_bull,248,3,3
2018,14,renault,86,0,4
2018,14,haas,76,0,5
2018,14,mclaren,52,0,6
2018,14,force_india,32,0,7
2018,14,toro_rosso,30,0,8
2018,14,sauber,19,0,9
2018,14,williams,7,0,10
2018,15,mercedes,452,7,1
2018,15,ferrari,415,5,2
2018,15,red_bull,274,3,3
2018,15,renault,91,0,4
2018,15,haas,76,0,5
2018,15,mclaren,58,0,6
2018,15,force_india,32,0,7
2018,15,toro_rosso,30,0,8
2018,15,sauber,21,0,9
2018,15,williams,7,0,10
2018,16,mercedes,495,8,1
2018,16,ferrari,442,5,2
2018,16,red_bull,292,3,3
2018,16,renault,91,0,4
2018,16,haas,80,0,5
2018,16,mclaren,58,0,6
2018,16,force_india,35,0,7
2018,16,toro_rosso,30,0,8
2018,16,sauber,27,0,9
2018,16,williams,7,0,10
2018,17,mercedes,538,9,1
2018,17,ferrari,460,5,2
2018,17,red_bull,319,3,3
2018,17,renault,92,0,4
2018,17,haas,84,0,5
2018,17,mclaren,58,0,6
2018,17,force_india,43,0,7
2018,17,toro_rosso,30,0,8
2018,17,sauber,27,0,9
2018,17,williams,7,0,10
2018,18,mercedes,563,9,1
2018,18,ferrari,497,6,2
2018,18,red_bull,337,3,3
2018,18,renault,106,0,4
2018,18,haas,84,0,5
2018,18,mclaren,58,0,6
2018,18,force_india,47,0,7
2018,18,toro_rosso,32,0,8
2018,18,sauber,28,0,9
2018,18,williams,7,0,10
2018,19,mercedes,585,9,1
2018,19,ferrari,530,6,2
2018,19,red_bull,362,4,3
2018,19,renault,114,0,4
2018,19,haas,84,0,5
2018,19,mclaren,62,0,6
2018,19,force_india,47,0,7
2018,19,sauber,36,0,8
2018,19,toro_rosso,33,0,9
2018,19,williams,7,0,10
2018,20,mercedes,620,10,1
2018,20,ferrari,553,6,2
2018,20,red_bull,392,4,3
2018,20,renault,114,0,4
2018,20,haas,90,0,5
2018,20,mclaren,62,0,6
2018,20,force_india,48,0,7
2018,20,sauber,42,0,8
2018,20,toro_rosso,33,0,9
2018,20,williams,7,0,10
2018,21,mercedes,655,11,1
2018,21,ferrari,571,6,2
2018,21,red_bull,419,4,3
2018,21,renault,122,0,4
2018,21,haas,93,0,5
2018,21,mclaren,62,0,6
2018,21,force_india,52,0,7
2018,21,sauber,48,0,8
2018,21,toro_rosso,33,0,9
2018,21,williams,7,0,10
2019,1,mercedes,44,1,1
2019,1,ferrari,22,0,2
2019,1,red_bull,15,0,3
2019,1,haas,8,0,4
2019,1,renault,6,0,5
2019,1,alfa,4,0,6
2019,1,racing_point,2,0,7
2019,1,toro_rosso,1,0,8
2019,1,mclaren,0,0,9
2019,1,williams,0,0,10
2019,2,mercedes,87,2,1
2019,2,ferrari,48,0,2
2019,2,red_bull,31,0,3
2019,2,alfa,10,0,4
2019,2,mclaren,8,0,5
2019,2,haas,8,0,6
2019,2,renault,6,0,7
2019,2,toro_rosso,3,0,8
2019,2,racing_point,3,0,9
2019,2,williams,0,0,10
2019,3,mercedes,130,3,1
2019,3,ferrari,73,0,2
2019,3,red_bull,52,0,3
2019,3,renault,12,0,4
2019,3,alfa,12,0,5
2019,3,haas,8,0,6
2019,3,mclaren,8,0,7
2019,3,racing_point,7,0,8
2019,3,toro_rosso,4,0,9
2019,3,williams,0,0,10
2019,4,mercedes,173,4,1
2019,4,ferrari,99,0,2
2019,4,red_bull,64,0,3
2019,4,mclaren,18,0,4
2019,4,racing_point,17,0,5
2019,4,alfa,13,0,6
2019,4,renault,12,0,7
2019,4,haas,8,0,8
2019,4,toro_rosso,4,0,9
2019,4,williams,0,0,10
2019,5,mercedes,217,5,1
2019,5,ferrari,121,0,2
2019,5,red_bull,87,0,3
2019,5,mclaren,22,0,4
2019,5,racing_point,17,0,5
2019,5,haas,15,0,6
2019,5,alfa,13,0,7
2019,5,renault,12,0,8
2019,5,toro_rosso,6,0,9
2019,5,williams,0,0,10
2019,6,mercedes,257,6,1
2019,6,ferrari,139,0,2
2019,6,red_bull,110,0,3
2019,6,mclaren,30,0,4
2019,6,racing_point,17,0,5
2019,6,haas,16,0,6
2019,6,toro_rosso,16,0,7
2019,6,renault,14,0,8
2019,6,alfa,13,0,9
2019,6,williams,0,0,10
2019,7,mercedes,295,7,1
2019,7,ferrari,172,0,2
2019,7,red_bull,124,0,3
2019,7,mclaren,30,0,4
2019,7,renault,28,0,5
2019,7,racing_point,19,0,6
2019,7,toro_rosso,17,0,7
2019,7,haas,16,0,8
2019,7,alfa,13,0,9
2019,7,williams,0,0,10
2019,8,mercedes,338,8,1
2019,8,ferrari,198,0,2
2019,8,red_bull,137,0,3
2019,8,mclaren,40,0,4
2019,8,renault,32,0,5
2019,8,racing_point,19,0,6
2019,8,alfa,19,0,7
2019,8,toro_rosso,17,0,8
2019,8,haas,16,0,9
2019,8,williams,0,0,10
2019,9,mercedes,363,8,1
2019,9,ferrari,228,0,2
2019,9,red_bull,169,1,3
2019,9,mclaren,52,0,4
2019,9,renault,32,0,5
2019,9,alfa,22,0,6
2019,9,racing_point,19,0,7
2019,9,toro_rosso,17,0,8
2019,9,haas,16,0,9
2019,9,williams,0,0,10
2019,10,mercedes,407,9,1
2019,10,ferrari,243,0,2
2019,10,red_bull,191,1,3
2019,10,mclaren,60,0,4
2019,10,renault,39,0,5
2019,10,alfa,26,0,6
2019,10,racing_point,19,0,7
2019,10,toro_rosso,19,0,8
2019,10,haas,16,0,9
2019,10,williams,0,0,10
2019,11,mercedes,409,9,1
2019,11,ferrari,261,0,2
2019,11,red_bull,217,2,3
2019,11,mclaren,70,0,4
2019,11,toro_rosso,42,0,5
2019,11,renault,39,0,6
2019,11,racing_point,31,0,7
2019,11,haas,26,0,8
2019,11,alfa,26,0,9
2019,11,williams,1,0,10
2019,12,mercedes,438,10,1
2019,12,ferrari,288,0,2
2019,12,red_bull,244,2,3
2019,12,mclaren,82,0,4
2019,12,toro_rosso,43,0,5
2019,12,renault,39,0,6
2019,12,alfa,32,0,7
2019,12,racing_point,31,0,8
2019,12,haas,26,0,9
2019,12,williams,1,0,10
2019,13,mercedes,471,10,1
2019,13,ferrari,326,1,2
2019,13,red_bull,254,2,3
2019,13,mclaren,82,0,4
2019,13,toro_rosso,51,0,5
2019,13,renault,43,0,6
2019,13,racing_point,40,0,7
2019,13,alfa,32,0,8
2019,13,haas,26,0,9
2019,13,williams,1,0,10
2019,14,mercedes,505,10,1
2019,14,ferrari,351,2,2
2019,14,red_bull,266,2,3
2019,14,mclaren,83,0,4
2019,14,renault,65,0,5
2019,14,toro_rosso,51,0,6
2019,14,racing_point,46,0,7
2019,14,alfa,34,0,8
2019,14,haas,26,0,9
2019,14,williams,1,0,10
2019,15,mercedes,527,10,1
2019,15,ferrari,394,3,2
2019,15,red_bull,289,2,3
2019,15,mclaren,89,0,4
2019,15,renault,67,0,5
2019,15,toro_rosso,55,0,6
2019,15,racing_point,46,0,7
2019,15,alfa,35,0,8
2019,15,haas,26,0,9
2019,15,williams,1,0,10
2019,16,mercedes,571,11,1
2019,16,ferrari,409,3,2
2019,16,red_bull,311,2,3
2019,16,mclaren,101,0,4
2019,16,renault,68,0,5
2019,16,toro_rosso,55,0,6
2019,16,racing_point,52,0,7
2019,16,alfa,35,0,8
2019,16,haas,28,0,9
2019,16,williams,1,0,10
2019,17,mercedes,612,12,1
2019,17,ferrari,435,3,2
2019,17,red_bull,323,2,3
2019,17,mclaren,111,0,4
2019,17,renault,68,0,5
2019,17,toro_rosso,62,0,6
2019,17,racing_point,58,0,7
2019,17,alfa,35,0,8
2019,17,haas,28,0,9
2019,17,williams,1,0,10
2019,18,mercedes,652,13,1
2019,18,ferrari,466,3,2
2019,18,red_bull,341,2,3
2019,18,mclaren,111,0,4
2019,18,renault,73,0,5
2019,18,toro_rosso,64,0,6
2019,18,racing_point,64,0,7
2019,18,alfa,35,0,8
2019,18,haas,28,0,9
2019,18,williams,1,0,10
2019,19,mercedes,695,14,1
2019,19,ferrari,479,3,2
2019,19,red_bull,366,2,3
2019,19,mclaren,121,0,4
2019,19,renault,83,0,5
2019,19,racing_point,65,0,6
2019,19,toro_rosso,64,0,7
2019,19,alfa,35,0,8
2019,19,haas,28,0,9
2019,19,williams,1,0,10
2019,20,mercedes,701,14,1
2019,20,ferrari,479,3,2
2019,20,red_bull,391,3,3
2019,20,mclaren,140,0,4
2019,20,renault,91,0,5
2019,20,toro_rosso,83,0,6
2019,20,racing_point,67,0,7
2019,20,alfa,57,0,8
2019,20,haas,28,0,9
2019,20,williams,1,0,10
2019,21,mercedes,739,15,1
2019,21,ferrari,504,3,2
2019,21,red_bull,417,3,3
2019,21,mclaren,145,0,4
2019,21,renault,91,0,5
2019,21,toro_rosso,85,0,6
2019,21,racing_point,73,0,7
2019,21,alfa,57,0,8
2019,21,haas,28,0,9
2019,21,williams,1,0,10
2020,1,mercedes,37,1,1
2020,1,mclaren,26,0,2
2020,1,ferrari,19,0,3
2020,1,racing_point,8,0,4
2020,1,alphatauri,6,0,5
2020,1,renault,4,0,6
2020,1,alfa,2,0,7
2020,1,williams,0,0,8
2020,1,red_bull,0,0,9
2020,1,haas,0,0,10
2020,2,mercedes,80,2,1
2020,2,mclaren,39,0,2
2020,2,red_bull,27,0,3
2020,2,racing_point,22,0,4
2020,2,ferrari,19,0,5
2020,2,renault,8,0,6
2020,2,alphatauri,7,0,7
2020,2,alfa,2,0,8
2020,2,williams,0,0,9
2020,2,haas,0,0,10
2020,3,mercedes,121,3,1
2020,3,red_bull,55,0,2
2020,3,mclaren,41,0,3
2020,3,racing_point,40,0,4
2020,3,ferrari,27,0,5
2020,3,renault,12,0,6
2020,3,alphatauri,7,0,7
2020,3,alfa,2,0,8
2020,3,haas,1,0,9
2020,3,williams,0,0,10
2020,4,mercedes,146,4,1
2020,4,red_bull,78,0,2
2020,4,mclaren,51,0,3
2020,4,ferrari,43,0,4
2020,4,racing_point,42,0,5
2020,4,renault,32,0,6
2020,4,alphatauri,13,0,7
2020,4,alfa,2,0,8
2020,4,haas,1,0,9
2020,4,williams,0,0,10
2020,5,mercedes,180,4,1
2020,5,red_bull,113,1,2
2020,5,ferrari,55,0,3
2020,5,mclaren,53,0,4
2020,5,racing_point,41,0,5
2020,5,renault,36,0,6
2020,5,alphatauri,14,0,7
2020,5,alfa,2,0,8
2020,5,haas,1,0,9
2020,5,williams,0,0,10
2020,6,mercedes,221,5,1
2020,6,red_bull,135,1,2
2020,6,racing_point,63,0,3
2020,6,mclaren,62,0,4
2020,6,ferrari,61,0,5
2020,6,renault,36,0,6
2020,6,alphatauri,16,0,7
2020,6,alfa,2,0,8
2020,6,haas,1,0,9
2020,6,williams,0,0,10
2020,7,mercedes,264,6,1
2020,7,red_bull,158,1,2
2020,7,mclaren,68,0,3
2020,7,racing_point,66,0,4
2020,7,ferrari,61,0,5
2020,7,renault,59,0,6
2020,7,alphatauri,20,0,7
2020,7,alfa,2,0,8
2020,7,haas,1,0,9
2020,7,williams,0,0,10
2020,8,mercedes,281,6,1
2020,8,red_bull,158,1,2
2020,8,mclaren,98,0,3
2020,8,racing_point,82,0,4
2020,8,renault,71,0,5
2020,8,ferrari,61,0,6
2020,8,alphatauri,47,1,7
2020,8,alfa,2,0,8
2020,8,haas,1,0,9
2020,8,williams,0,0,10
2020,9,mercedes,325,7,1
2020,9,red_bull,173,1,2
2020,9,mclaren,106,0,3
2020,9,racing_point,92,0,4
2020,9,renault,83,0,5
2020,9,ferrari,66,0,6
2020,9,alphatauri,53,1,7
2020,9,alfa,4,0,8
2020,9,haas,1,0,9
2020,9,williams,0,0,10
2020,10,mercedes,366,8,1
2020,10,red_bull,192,1,2
2020,10,mclaren,106,0,3
2020,10,racing_point,104,0,4
2020,10,renault,99,0,5
2020,10,ferrari,74,0,6
2020,10,alphatauri,59,1,7
2020,10,alfa,4,0,8
2020,10,haas,1,0,9
2020,10,williams,0,0,10
2020,11,mercedes,391,9,1
2020,11,red_bull,211,1,2
2020,11,racing_point,120,0,3
2020,11,mclaren,116,0,4
2020,11,renault,114,0,5
2020,11,ferrari,80,0,6
2020,11,alphatauri,67,1,7
2020,11,alfa,5,0,8
2020,11,haas,3,0,9
2020,11,williams,0,0,10
2020,12,mercedes,435,10,1
2020,12,red_bull,226,1,2
2020,12,racing_point,126,0,3
2020,12,mclaren,124,0,4
2020,12,renault,120,0,5
2020,12,ferrari,93,0,6
2020,12,alphatauri,77,1,7
2020,12,alfa,5,0,8
2020,12,haas,3,0,9
2020,12,williams,0,0,10
2020,13,mercedes,479,11,1
2020,13,red_bull,226,1,2
2020,13,renault,135,0,3
2020,13,mclaren,134,0,4
2020,13,racing_point,134,0,5
2020,13,ferrari,103,0,6
2020,13,alphatauri,89,1,7
2020,13,alfa,8,0,8
2020,13,haas,3,0,9
2020,13,williams,0,0,10
2020,14,mercedes,504,12,1
2020,14,red_bull,240,1,2
2020,14,racing_point,154,0,3
2020,14,mclaren,149,0,4
2020,14,renault,136,0,5
2020,14,ferrari,130,0,6
2020,14,alphatauri,89,1,7
2020,14,alfa,8,0,8
2020,14,haas,3,0,9
2020,14,williams,0,0,10
2020,15,mercedes,533,13,1
2020,15,red_bull,274,1,2
2020,15,mclaren,171,0,3
2020,15,racing_point,154,0,4
2020,15,renault,144,0,5
2020,15,ferrari,131,0,6
2020,15,alphatauri,97,1,7
2020,15,alfa,8,0,8
2020,15,haas,3,0,9
2020,15,williams,0,0,10
2020,16,mercedes,540,13,1
2020,16,red_bull,282,1,2
2020,16,racing_point,194,1,3
2020,16,mclaren,184,0,4
2020,16,renault,172,0,5
2020,16,ferrari,131,0,6
2020,16,alphatauri,103,1,7
2020,16,alfa,8,0,8
2020,16,haas,3,0,9
2020,16,williams,0,0,10
2020,17,mercedes,573,13,1
2020,17,red_bull,319,2,2
2020,17,mclaren,202,0,3
2020,17,racing_point,195,1,4
2020,17,renault,181,0,5
2020,17,ferrari,131,0,6
2020,17,alphatauri,107,1,7
2020,17,alfa,8,0,8
2020,17,haas,3,0,9
2020,17,williams,0,0,10
2021,1,mercedes,41,1,1
2021,1,red_bull,28,0,2
2021,1,mclaren,18,0,3
2021,1,ferrari,12,0,4
2021,1,alphatauri,2,0,5
2021,1,aston_martin,1,0,6
2021,1,alfa,0,0,7
2021,1,alpine,0,0,8
2021,1,williams,0,0,9
2021,1,haas,0,0,10
2021,2,mercedes,60,1,1
2021,2,red_bull,53,1,2
2021,2,mclaren,41,0,3
2021,2,ferrari,34,0,4
2021,2,alphatauri,8,0,5
2021,2,aston_martin,5,0,6
2021,2,alpine,3,0,7
2021,2,alfa,0,0,8
2021,2,williams,0,0,9
2021,2,haas,0,0,10
2021,3,mercedes,101,2,1
2021,3,red_bull,83,1,2
2021,3,mclaren,53,0,3
2021,3,ferrari,42,0,4
2021,3,alpine,13,0,5
2021,3,alphatauri,9,0,6
2021,3,aston_martin,5,0,7
2021,3,alfa,0,0,8
2021,3,williams,0,0,9
2021,3,haas,0,0,10
2021,4,mercedes,141,3,1
2021,4,red_bull,112,1,2
2021,4,mclaren,65,0,3
2021,4,ferrari,60,0,4
2021,4,alpine,15,0,5
2021,4,alphatauri,10,0,6
2021,4,aston_martin,5,0,7
2021,4,alfa,0,0,8
2021,4,williams,0,0,9
2021,4,haas,0,0,10
2021,5,red_bull,149,2,1
2021,5,mercedes,148,3,2
2021,5,mclaren,80,0,3
2021,5,ferrari,78,0,4
2021,5,aston_martin,19,0,5
2021,5,alphatauri,18,0,6
2021,5,alpine,17,0,7
2021,5,alfa,1,0,8
2021,5,williams,0,0,9
2021,5,haas,0,0,10
2021,6,red_bull,174,3,1
2021,6,mercedes,148,3,2
2021,6,ferrari,94,0,3
2021,6,mclaren,92,0,4
2021,6,alphatauri,39,0,5
2021,6,aston_martin,37,0,6
2021,6,alpine,25,0,7
2021,6,alfa,2,0,8
2021,6,haas,0,0,9
2021,6,williams,0,0,10
2021,7,red_bull,215,4,1
2021,7,mercedes,178,3,2
2021,7,mclaren,110,0,3
2021,7,ferrari,94,0,4
2021,7,alphatauri,45,0,5
2021,7,aston_martin,40,0,6
2021,7,alpine,29,0,7
2021,7,alfa,2,0,8
2021,7,williams,0,0,9
2021,7,haas,0,0,10
2021,8,red_bull,252,5,1
2021,8,mercedes,212,3,2
2021,8,mclaren,120,0,3
2021,8,ferrari,108,0,4
2021,8,alphatauri,46,0,5
2021,8,aston_martin,44,0,6
2021,8,alpine,31,0,7
2021,8,alfa,2,0,8
2021,8,williams,0,0,9
2021,8,haas,0,0,10
2021,9,red_bull,286,6,1
2021,9,mercedes,242,3,2
2021,9,mclaren,141,0,3
2021,9,ferrari,122,0,4
2021,9,alphatauri,48,0,5
2021,9,aston_martin,44,0,6
2021,9,alpine,32,0,7
2021,9,alfa,2,0,8
2021,9,williams,0,0,9
2021,9,haas,0,0,10
2021,10,red_bull,289,6,1
2021,10,mercedes,285,4,2
2021,10,mclaren,163,0,3
2021,10,ferrari,148,0,4
2021,10,alphatauri,49,0,5
2021,10,aston_martin,48,0,6
2021,10,alpine,40,0,7
2021,10,alfa,2,0,8
2021,10,williams,0,0,9
2021,10,haas,0,0,10
2021,11,mercedes,303,4,1
2021,11,red_bull,291,6,2
2021,11,ferrari,163,0,3
2021,11,mclaren,163,0,4
2021,11,alpine,77,1,5
2021,11,alphatauri,68,0,6
2021,11,aston_martin,48,0,7
2021,11,williams,10,0,8
2021,11,alfa,3,0,9
2021,11,haas,0,0,10
2021,12,mercedes,0,4,1
2021,12,red_bull,0,7,2
2021,12,mclaren,169,0,3
2021,12,ferrari,0,0,4
2021,12,alpine,80,1,5
2021,12,alphatauri,72,0,6
2021,12,aston_martin,53,0,7
2021,12,williams,20,0,8
2021,12,alfa,3,0,9
2021,12,haas,0,0,10
2021,13,mercedes,0,4,1
2021,13,red_bull,0,8,2
2021,13,ferrari,0,0,3
2021,13,mclaren,170,0,4
2021,13,alpine,90,1,5
2021,13,alphatauri,84,0,6
2021,13,aston_martin,53,0,7
2021,13,williams,20,0,8
2021,13,alfa,3,0,9
2021,13,haas,0,0,10
2021,14,mercedes,0,4,1
2021,14,red_bull,0,8,2
2021,14,mclaren,215,1,3
2021,14,ferrari,0,0,4
2021,14,alpine,95,1,5
2021,14,alphatauri,84,0,6
2021,14,aston_martin,59,0,7
2021,14,williams,22,0,8
2021,14,alfa,3,0,9
2021,14,haas,0,0,10
2021,15,mercedes,0,5,1
2021,15,red_bull,0,8,2
2021,15,mclaren,234,1,3
2021,15,ferrari,0,0,4
2021,15,alpine,103,1,5
2021,15,alphatauri,84,0,6
2021,15,aston_martin,59,0,7
2021,15,williams,23,0,8
2021,15,alfa,7,0,9
2021,15,haas,0,0,10
2021,16,mercedes,0,6,1
2021,16,red_bull,0,8,2
2021,16,mclaren,240,1,3
2021,16,ferrari,0,0,4
2021,16,alpine,104,1,5
2021,16,alphatauri,92,0,6
2021,16,aston_martin,61,0,7
2021,16,williams,23,0,8
2021,16,alfa,7,0,9
2021,16,haas,0,0,10
2021,17,mercedes,0,6,1
2021,17,red_bull,0,9,2
2021,17,mclaren,254,1,3
2021,17,ferrari,0,0,4
2021,17,alpine,104,1,5
2021,17,alphatauri,94,0,6
2021,17,aston_martin,62,0,7
2021,17,williams,23,0,8
2021,17,alfa,7,0,9
2021,17,haas,0,0,10
2021,18,mercedes,0,6,1
2021,18,red_bull,0,10,2
2021,18,ferrari,0,0,3
2021,18,mclaren,255,1,4
2021,18,alpine,106,1,5
2021,18,alphatauri,106,0,6
2021,18,aston_martin,68,0,7
2021,18,williams,23,0,8
2021,18,alfa,11,0,9
2021,18,haas,0,0,10
2021,19,mercedes,0,7,1
2021,19,red_bull,0,10,2
2021,19,ferrari,0,0,3
2021,19,mclaren,256,1,4
2021,19,alpine,112,1,5
2021,19,alphatauri,112,0,6
2021,19,aston_martin,68,0,7
2021,19,williams,23,0,8
2021,19,alfa,11,0,9
2021,19,haas,0,0,10
2021,20,mercedes,0,8,1
2021,20,red_bull,0,10,2
2021,20,ferrari,0,0,3
2021,20,mclaren,258,1,4
2021,20,alpine,137,1,5
2021,20,alphatauri,112,0,6
2021,20,aston_martin,77,0,7
2021,20,williams,23,0,8
2021,20,alfa,11,0,9
2021,20,haas,0,0,10
2021,21,mercedes,0,9,1
2021,21,red_bull,0,10,2
2021,21,ferrari,0,0,3
2021,21,mclaren,269,1,4
2021,21,alpine,149,1,5
2021,21,alphatauri,120,0,6
2021,21,aston_martin,77,0,7
2021,21,williams,23,0,8
2021,21,alfa,13,0,9
2021,21,haas,0,0,10
2021,22,mercedes,0,9,1
2021,22,red_bull,0,11,2
2021,22,ferrari,0,0,3
2021,22,mclaren,275,1,4
2021,22,alpine,155,1,5
2021,22,alphatauri,142,0,6
2021,22,aston_martin,77,0,7
2021,22,williams,23,0,8
2021,22,alfa,13,0,9
2021,22,haas,0,0,10
2022,1,ferrari,44,1,1
2022,1,mercedes,27,0,2
2022,1,haas,10,0,3
2022,1,alfa,9,0,4
2022,1,alpine,8,0,5
2022,1,alphatauri,4,0,6
2022,1,aston_martin,0,0,7
2022,1,williams,0,0,8
2022,1,mclaren,0,0,9
2022,1,red_bull,0,0,10
2022,2,ferrari,78,1,1
2022,2,mercedes,38,0,2
2022,2,red_bull,37,1,3
2022,2,alpine,16,0,4
2022,2,haas,12,0,5
2022,2,alfa,9,0,6
2022,2,alphatauri,8,0,7
2022,2,mclaren,6,0,8
2022,2,aston_martin,0,0,9
2022,2,williams,0,0,10
2022,3,ferrari,104,2,1
2022,3,mercedes,65,0,2
2022,3,red_bull,55,1,3
2022,3,mclaren,24,0,4
2022,3,alpine,22,0,5
2022,3,alfa,13,0,6
2022,3,haas,12,0,7
2022,3,alphatauri,10,0,8
2022,3,williams,1,0,9
2022,3,aston_martin,0,0,10
2022,4,ferrari,124,2,1
2022,4,red_bull,113,2,2
2022,4,mercedes,77,0,3
2022,4,mclaren,46,0,4
2022,4,alfa,25,0,5
2022,4,alpine,22,0,6
2022,4,alphatauri,16,0,7
2022,4,haas,15,0,8
2022,4,aston_martin,5,0,9
2022,4,williams,1,0,10
2022,5,ferrari,157,2,1
2022,5,red_bull,151,3,2
2022,5,mercedes,95,0,3
2022,5,mclaren,46,0,4
2022,5,alfa,31,0,5
2022,5,alpine,26,0,6
2022,5,alphatauri,16,0,7
2022,5,haas,15,0,8
2022,5,aston_martin,6,0,9
2022,5,williams,3,0,10
2022,6,red_bull,195,4,1
2022,6,ferrari,169,2,2
2022,6,mercedes,120,0,3
2022,6,mclaren,50,0,4
2022,6,alfa,39,0,5
2022,6,alpine,34,0,6
2022,6,alphatauri,17,0,7
2022,6,haas,15,0,8
2022,6,aston_martin,6,0,9
2022,6,williams,3,0,10
2022,7,red_bull,235,5,1
2022,7,ferrari,199,2,2
2022,7,mercedes,134,0,3
2022,7,mclaren,59,0,4
2022,7,alfa,41,0,5
2022,7,alpine,40,0,6
2022,7,alphatauri,17,0,7
2022,7,haas,15,0,8
2022,7,aston_martin,7,0,9
2022,7,williams,3,0,10
2022,8,red_bull,279,6,1
2022,8,ferrari,199,2,2
2022,8,mercedes,161,0,3
2022,8,mclaren,65,0,4
2022,8,alpine,47,0,5
2022,8,alfa,41,0,6
2022,8,alphatauri,27,0,7
2022,8,haas,15,0,8
2022,8,aston_martin,15,0,9
2022,8,williams,3,0,10
2022,9,red_bull,304,7,1
2022,9,ferrari,228,2,2
2022,9,mercedes,188,0,3
2022,9,mclaren,65,0,4
2022,9,alpine,57,0,5
2022,9,alfa,51,0,6
2022,9,alphatauri,27,0,7
2022,9,aston_martin,16,0,8
2022,9,haas,15,0,9
2022,9,williams,3,0,10
2022,10,red_bull,328,7,1
2022,10,ferrari,265,3,2
2022,10,mercedes,204,0,3
2022,10,mclaren,73,0,4
2022,10,alpine,67,0,5
2022,10,alfa,51,0,6
2022,10,alphatauri,27,0,7
2022,10,haas,20,0,8
2022,10,aston_martin,18,0,9
2022,10,williams,3,0,10
2022,11,red_bull,359,7,1
2022,11,ferrari,303,4,2
2022,11,mercedes,237,0,3
2022,11,mclaren,81,0,4
2022,11,alpine,81,0,5
2022,11,alfa,51,0,6
2022,11,haas,34,0,7
2022,11,alphatauri,27,0,8
2022,11,aston_martin,18,0,9
2022,11,williams,3,0,10
2022,12,red_bull,396,8,1
2022,12,ferrari,314,4,2
2022,12,mercedes,270,0,3
2022,12,alpine,93,0,4
2022,12,mclaren,89,0,5
2022,12,alfa,51,0,6
2022,12,haas,34,0,7
2022,12,alphatauri,27,0,8
2022,12,aston_martin,19,0,9
2022,12,williams,3,0,10
2022,13,red_bull,431,9,1
2022,13,ferrari,334,4,2
2022,13,mercedes,304,0,3
2022,13,alpine,99,0,4
2022,13,mclaren,95,0,5
2022,13,alfa,51,0,6
2022,13,haas,34,0,7
2022,13,alphatauri,27,0,8
2022,13,aston_martin,20,0,9
2022,13,williams,3,0,10
2022,14,red_bull,475,10,1
2022,14,ferrari,357,4,2
2022,14,mercedes,316,0,3
2022,14,alpine,115,0,4
2022,14,mclaren,95,0,5
2022,14,alfa,51,0,6
2022,14,haas,34,0,7
2022,14,alphatauri,29,0,8
2022,14,aston_martin,24,0,9
2022,14,williams,4,0,10
2022,15,red_bull,511,11,1
2022,15,ferrari,376,4,2
2022,15,mercedes,346,0,3
2022,15,alpine,125,0,4
2022,15,mclaren,101,0,5
2022,15,alfa,51,0,6
2022,15,haas,34,0,7
2022,15,alphatauri,29,0,8
2022,15,aston_martin,25,0,9
2022,15,williams,4,0,10
2022,16,red_bull,545,12,1
2022,16,ferrari,406,4,2
2022,16,mercedes,371,0,3
2022,16,alpine,125,0,4
2022,16,mclaren,107,0,5
2022,16,alfa,52,0,6
2022,16,haas,34,0,7
2022,16,alphatauri,33,0,8
2022,16,aston_martin,25,0,9
2022,16,williams,6,0,10
2022,17,red_bull,576,13,1
2022,17,ferrari,439,4,2
2022,17,mercedes,373,0,3
2022,17,mclaren,129,0,4
2022,17,alpine,125,0,5
2022,17,alfa,52,0,6
2022,17,aston_martin,37,0,7
2022,17,haas,34,0,8
2022,17,alphatauri,34,0,9
2022,17,williams,6,0,10
2022,18,red_bull,619,14,1
2022,18,ferrari,454,4,2
2022,18,mercedes,387,0,3
2022,18,alpine,143,0,4
2022,18,mclaren,130,0,5
2022,18,alfa,52,0,6
2022,18,aston_martin,45,0,7
2022,18,haas,34,0,8
2022,18,alphatauri,34,0,9
2022,18,williams,8,0,10
2022,19,red_bull,656,15,1
2022,19,ferrari,469,4,2
2022,19,mercedes,416,0,3
2022,19,alpine,149,0,4
2022,19,mclaren,138,0,5
2022,19,alfa,52,0,6
2022,19,aston_martin,49,0,7
2022,19,haas,36,0,8
2022,19,alphatauri,35,0,9
2022,19,williams,8,0,10
2022,20,red_bull,696,16,1
2022,20,ferrari,487,4,2
2022,20,mercedes,447,0,3
2022,20,alpine,153,0,4
2022,20,mclaren,146,0,5
2022,20,alfa,53,0,6
2022,20,aston_martin,49,0,7
2022,20,haas,36,0,8
2022,20,alphatauri,35,0,9
2022,20,williams,8,0,10
2022,21,red_bull,719,16,1
2022,21,ferrari,524,4,2
2022,21,mercedes,505,1,3
2022,21,alpine,167,0,4
2022,21,mclaren,148,0,5
2022,21,alfa,55,0,6
2022,21,aston_martin,50,0,7
2022,21,haas,37,0,8
2022,21,alphatauri,35,0,9
2022,21,williams,8,0,10
2022,22,red_bull,759,17,1
2022,22,ferrari,554,4,2
2022,22,mercedes,515,1,3
2022,22,alpine,173,0,4
2022,22,mclaren,159,0,5
2022,22,alfa,55,0,6
2022,22,aston_martin,55,0,7
2022,22,haas,37,0,8
2022,22,alphatauri,35,0,9
2022,22,williams,8,0,10
2023,1,red_bull,43,1,1
2023,1,aston_martin,23,0,2
2023,1,mercedes,16,0,3
2023,1,ferrari,12,0,4
2023,1,alfa,4,0,5
2023,1,alpine,2,0,6
2023,1,williams,1,0,7
2023,1,alphatauri,0,0,8
2023,1,haas,0,0,9
2023,1,mclaren,0,0,10
2023,2,red_bull,87,2,1
2023,2,aston_martin,38,0,2
2023,2,mercedes,38,0,3
2023,2,ferrari,26,0,4
2023,2,alpine,8,0,5
2023,2,alfa,4,0,6
2023,2,haas,1,0,7
2023,2,williams,1,0,8
2023,2,alphatauri,0,0,9
2023,2,mclaren,0,0,10
2023,3,red_bull,123,3,1
2023,3,aston_martin,65,0,2
2023,3,mercedes,56,0,3
2023,3,ferrari,26,0,4
2023,3,mclaren,12,0,5
2023,3,alpine,8,0,6
2023,3,haas,7,0,7
2023,3,alfa,6,0,8
2023,3,alphatauri,1,0,9
2023,3,williams,1,0,10
2023,4,red_bull,180,4,1
2023,4,aston_martin,87,0,2
2023,4,mercedes,76,0,3
2023,4,ferrari,62,0,4
2023,4,mclaren,14,0,5
2023,4,alpine,8,0,6
2023,4,haas,7,0,7
2023,4,alfa,6,0,8
2023,4,alphatauri,2,0,9
2023,4,williams,1,0,10
2023,5,red_bull,224,5,1
2023,5,aston_martin,102,0,2
2023,5,mercedes,96,0,3
2023,5,ferrari,78,0,4
2023,5,mclaren,14,0,5
2023,5,alpine,14,0,6
2023,5,haas,8,0,7
2023,5,alfa,6,0,8
2023,5,alphatauri,2,0,9
2023,5,williams,1,0,10
2023,6,red_bull,249,6,1
2023,6,aston_martin,120,0,2
2023,6,mercedes,119,0,3
2023,6,ferrari,90,0,4
2023,6,alpine,35,0,5
2023,6,mclaren,17,0,6
2023,6,haas,8,0,7
2023,6,alfa,6,0,8
2023,6,alphatauri,2,0,9
2023,6,williams,1,0,10
2023,7,red_bull,287,7,1
2023,7,mercedes,152,0,2
2023,7,aston_martin,134,0,3
2023,7,ferrari,100,0,4
2023,7,alpine,40,0,5
2023,7,mclaren,17,0,6
2023,7,haas,8,0,7
2023,7,alfa,8,0,8
2023,7,alphatauri,2,0,9
2023,7,williams,1,0,10
2023,8,red_bull,321,8,1
2023,8,mercedes,167,0,2
2023,8,aston_martin,154,0,3
2023,8,ferrari,122,0,4
2023,8,alpine,44,0,5
2023,8,mclaren,17,0,6
2023,8,alfa,9,0,7
2023,8,haas,8,0,8
2023,8,williams,7,0,9
2023,8,alphatauri,2,0,10
2023,9,red_bull,377,9,1
2023,9,mercedes,178,0,2
2023,9,aston_martin,175,0,3
2023,9,ferrari,154,0,4
2023,9,alpine,47,0,5
2023,9,mclaren,29,0,6
2023,9,haas,11,0,7
2023,9,alfa,9,0,8
2023,9,williams,7,0,9
2023,9,alphatauri,2,0,10
2023,10,red_bull,411,10,1
2023,10,mercedes,203,0,2
2023,10,aston_martin,181,0,3
2023,10,ferrari,157,0,4
2023,10,mclaren,59,0,5
2023,10,alpine,47,0,6
2023,10,williams,11,0,7
2023,10,haas,11,0,8
2023,10,alfa,9,0,9
2023,10,alphatauri,2,0,10
2023,11,red_bull,452,11,1
2023,11,mercedes,223,0,2
2023,11,aston_martin,184,0,3
2023,11,ferrari,167,0,4
2023,11,mclaren,87,0,5
2023,11,alpine,47,0,6
2023,11,williams,11,0,7
2023,11,haas,11,0,8
2023,11,alfa,9,0,9
2023,11,alphatauri,2,0,10
2023,12,red_bull,503,12,1
2023,12,mercedes,247,0,2
2023,12,aston_martin,196,0,3
2023,12,ferrari,191,0,4
2023,12,mclaren,103,0,5
2023,12,alpine,57,0,6
2023,12,williams,11,0,7
2023,12,haas,11,0,8
2023,12,alfa,9,0,9
2023,12,alphatauri,3,0,10
2023,13,red_bull,540,13,1
2023,13,mercedes,255,0,2
2023,13,aston_martin,215,0,3
2023,13,ferrari,201,0,4
2023,13,mclaren,111,0,5
2023,13,alpine,73,0,6
2023,13,williams,15,0,7
2023,13,haas,11,0,8
2023,13,alfa,9,0,9
2023,13,alphatauri,3,0,10
2023,14,red_bull,583,14,1
2023,14,mercedes,273,0,2
2023,14,ferrari,228,0,3
2023,14,aston_martin,217,0,4
2023,14,mclaren,115,0,5
2023,14,alpine,73,0,6
2023,14,williams,21,0,7
2023,14,haas,11,0,8
2023,14,alfa,10,0,9
2023,14,alphatauri,3,0,10
2023,15,red_bull,597,14,1
2023,15,mercedes,289,0,2
2023,15,ferrari,265,1,3
2023,15,aston_martin,217,0,4
2023,15,mclaren,139,0,5
2023,15,alpine,81,0,6
2023,15,williams,21,0,7
2023,15,haas,12,0,8
2023,15,alfa,10,0,9
2023,15,alphatauri,5,0,10
2023,16,red_bull,623,15,1
2023,16,mercedes,305,0,2
2023,16,ferrari,285,1,3
2023,16,aston_martin,221,0,4
2023,16,mclaren,172,0,5
2023,16,alpine,84,0,6
2023,16,williams,21,0,7
2023,16,haas,12,0,8
2023,16,alfa,10,0,9
2023,16,alphatauri,5,0,10
2023,17,red_bull,657,16,1
2023,17,mercedes,326,0,2
2023,17,ferrari,298,1,3
2023,17,aston_martin,230,0,4
2023,17,mclaren,219,0,5
2023,17,alpine,90,0,6
2023,17,williams,23,0,7
2023,17,alfa,16,0,8
2023,17,haas,12,0,9
2023,17,alphatauri,5,0,10
2023,18,red_bull,706,17,1
2023,18,mercedes,344,0,2
2023,18,ferrari,322,1,3
2023,18,mclaren,242,0,4
2023,18,aston_martin,236,0,5
2023,18,alpine,100,0,6
2023,18,williams,26,0,7
2023,18,alfa,16,0,8
2023,18,haas,12,0,9
2023,18,alphatauri,10,0,10
2023,19,red_bull,731,18,1
2023,19,mercedes,371,0,2
2023,19,ferrari,349,1,3
2023,19,mclaren,256,0,4
2023,19,aston_martin,236,0,5
2023,19,alpine,101,0,6
2023,19,williams,28,0,7
2023,19,alphatauri,16,0,8
2023,19,alfa,16,0,9
2023,19,haas,12,0,10
2023,20,red_bull,782,19,1
2023,20,mercedes,382,0,2
2023,20,ferrari,362,1,3
2023,20,mclaren,282,0,4
2023,20,aston_martin,261,0,5
2023,20,alpine,108,0,6
2023,20,williams,28,0,7
2023,20,alphatauri,21,0,8
2023,20,alfa,16,0,9
2023,20,haas,12,0,10
2023,21,red_bull,822,20,1
2023,21,mercedes,392,0,2
2023,21,ferrari,388,1,3
2023,21,mclaren,284,0,4
2023,21,aston_martin,273,0,5
2023,21,alpine,120,0,6
2023,21,williams,28,0,7
2023,21,alphatauri,21,0,8
2023,21,alfa,16,0,9
2023,21,haas,12,0,10
2023,22,red_bull,860,21,1
2023,22,mercedes,409,0,2
2023,22,ferrari,406,1,3
2023,22,mclaren,302,0,4
2023,22,aston_martin,280,0,5
2023,22,alpine,120,0,6
2023,22,williams,28,0,7
2023,22,alphatauri,25,0,8
2023,22,alfa,16,0,9
2023,22,haas,12,0,10
