season,round,circuit_id,country,date,url
2003,1,albert_park,Australia,2003-03-09,http://en.wikipedia.org/wiki/2003_Australian_Grand_Prix
2003,2,sepang,Malaysia,2003-03-23,http://en.wikipedia.org/wiki/2003_Malaysian_Grand_Prix
2003,3,interlagos,Brazil,2003-04-06,http://en.wikipedia.org/wiki/2003_Brazilian_Grand_Prix
2003,4,imola,Italy,2003-04-20,http://en.wikipedia.org/wiki/2003_San_Marino_Grand_Prix
2003,5,catalunya,Spain,2003-05-04,http://en.wikipedia.org/wiki/2003_Spanish_Grand_Prix
2003,6,red_bull_ring,Austria,2003-05-18,http://en.wikipedia.org/wiki/2003_Austrian_Grand_Prix
2003,7,monaco,Monaco,2003-06-01,http://en.wikipedia.org/wiki/2003_Monaco_Grand_Prix
2003,8,villeneuve,Canada,2003-06-15,http://en.wikipedia.org/wiki/2003_Canadian_Grand_Prix
2003,9,nurburgring,Germany,2003-06-29,http://en.wikipedia.org/wiki/2003_European_Grand_Prix
2003,10,magny_cours,France,2003-07-06,http://en.wikipedia.org/wiki/2003_French_Grand_Prix
2003,11,silverstone,UK,2003-07-20,http://en.wikipedia.org/wiki/2003_British_Grand_Prix
2003,12,hockenheimring,Germany,2003-08-03,http://en.wikipedia.org/wiki/2003_German_Grand_Prix
2003,13,hungaroring,Hungary,2003-08-24,http://en.wikipedia.org/wiki/2003_Hungarian_Grand_Prix
2003,14,monza,Italy,2003-09-14,http://en.wikipedia.org/wiki/2003_Italian_Grand_Prix
2003,15,indianapolis,USA,2003-09-28,http://en.wikipedia.org/wiki/2003_United_States_Grand_Prix
2003,16,suzuka,Japan,2003-10-12,http://en.wikipedia.org/wiki/2003_Japanese_Grand_Prix
2004,1,albert_park,Australia,2004-03-07,http://en.wikipedia.org/wiki/2004_Australian_Grand_Prix
2004,2,sepang,Malaysia,2004-03-21,http://en.wikipedia.org/wiki/2004_Malaysian_Grand_Prix
2004,3,bahrain,Bahrain,2004-04-04,http://en.wikipedia.org/wiki/2004_Bahrain_Grand_Prix
2004,4,imola,Italy,2004-04-25,http://en.wikipedia.org/wiki/2004_San_Marino_Grand_Prix
2004,5,catalunya,Spain,2004-05-09,http://en.wikipedia.org/wiki/2004_Spanish_Grand_Prix
2004,6,monaco,Monaco,2004-05-23,http://en.wikipedia.org/wiki/2004_Monaco_Grand_Prix
2004,7,nurburgring,Germany,2004-05-30,http://en.wikipedia.org/wiki/2004_European_Grand_Prix
2004,8,villeneuve,Canada,2004-06-13,http://en.wikipedia.org/wiki/2004_Canadian_Grand_Prix
2004,9,indianapolis,USA,2004-06-20,http://en.wikipedia.org/wiki/2004_United_States_Grand_Prix
2004,10,magny_cours,France,2004-07-04,http://en.wikipedia.org/wiki/2004_French_Grand_Prix
2004,11,silverstone,UK,2004-07-11,http://en.wikipedia.org/wiki/2004_British_Grand_Prix
2004,12,hockenheimring,Germany,2004-07-25,http://en.wikipedia.org/wiki/2004_German_Grand_Prix
2004,13,hungaroring,Hungary,2004-08-15,http://en.wikipedia.org/wiki/2004_Hungarian_Grand_Prix
2004,14,spa,Belgium,2004-08-29,http://en.wikipedia.org/wiki/2004_Belgian_Grand_Prix
2004,15,monza,Italy,2004-09-12,http://en.wikipedia.org/wiki/2004_Italian_Grand_Prix
2004,16,shanghai,China,2004-09-26,http://en.wikipedia.org/wiki/2004_Chinese_Grand_Prix
2004,17,suzuka,Japan,2004-10-10,http://en.wikipedia.org/wiki/2004_Japanese_Grand_Prix
2004,18,interlagos,Brazil,2004-10-24,http://en.wikipedia.org/wiki/2004_Brazilian_Grand_Prix
2005,1,albert_park,Australia,2005-03-06,http://en.wikipedia.org/wiki/2005_Australian_Grand_Prix
2005,2,sepang,Malaysia,2005-03-20,http://en.wikipedia.org/wiki/2005_Malaysian_Grand_Prix
2005,3,bahrain,Bahrain,2005-04-03,http://en.wikipedia.org/wiki/2005_Bahrain_Grand_Prix
2005,4,imola,Italy,2005-04-24,http://en.wikipedia.org/wiki/2005_San_Marino_Grand_Prix
2005,5,catalunya,Spain,2005-05-08,http://en.wikipedia.org/wiki/2005_Spanish_Grand_Prix
2005,6,monaco,Monaco,2005-05-22,http://en.wikipedia.org/wiki/2005_Monaco_Grand_Prix
2005,7,nurburgring,Germany,2005-05-29,http://en.wikipedia.org/wiki/2005_European_Grand_Prix
2005,8,villeneuve,Canada,2005-06-12,http://en.wikipedia.org/wiki/2005_Canadian_Grand_Prix
2005,9,indianapolis,USA,2005-06-19,http://en.wikipedia.org/wiki/2005_United_States_Grand_Prix
2005,10,magny_cours,France,2005-07-03,http://en.wikipedia.org/wiki/2005_French_Grand_Prix
2005,11,silverstone,UK,2005-07-10,http://en.wikipedia.org/wiki/2005_British_Grand_Prix
2005,12,hockenheimring,Germany,2005-07-24,http://en.wikipedia.org/wiki/2005_German_Grand_Prix
2005,13,hungaroring,Hungary,2005-07-31,http://en.wikipedia.org/wiki/2005_Hungarian_Grand_Prix
2005,14,istanbul,Turkey,2005-08-21,http://en.wikipedia.org/wiki/2005_Turkish_Grand_Prix
2005,15,monza,Italy,2005-09-04,http://en.wikipedia.org/wiki/2005_Italian_Grand_Prix
2005,16,spa,Belgium,2005-09-11,http://en.wikipedia.org/wiki/2005_Belgian_Grand_Prix
2005,17,interlagos,Brazil,2005-09-25,http://en.wikipedia.org/wiki/2005_Brazilian_Grand_Prix
2005,18,suzuka,Japan,2005-10-09,http://en.wikipedia.org/wiki/2005_Japanese_Grand_Prix
2005,19,shanghai,China,2005-10-16,http://en.wikipedia.org/wiki/2005_Chinese_Grand_Prix
2006,1,bahrain,Bahrain,2006-03-12,http://en.wikipedia.org/wiki/2006_Bahrain_Grand_Prix
2006,2,sepang,Malaysia,2006-03-19,http://en.wikipedia.org/wiki/2006_Malaysian_Grand_Prix
2006,3,albert_park,Australia,2006-04-02,http://en.wikipedia.org/wiki/2006_Australian_Grand_Prix
2006,4,imola,Italy,2006-04-23,http://en.wikipedia.org/wiki/2006_San_Marino_Grand_Prix
2006,5,nurburgring,Germany,2006-05-07,http://en.wikipedia.org/wiki/2006_European_Grand_Prix
2006,6,catalunya,Spain,2006-05-14,http://en.wikipedia.org/wiki/2006_Spanish_Grand_Prix
2006,7,monaco,Monaco,2006-05-28,http://en.wikipedia.org/wiki/2006_Monaco_Grand_Prix
2006,8,silverstone,UK,2006-06-11,http://en.wikipedia.org/wiki/2006_British_Grand_Prix
2006,9,villeneuve,Canada,2006-06-25,http://en.wikipedia.org/wiki/2006_Canadian_Grand_Prix
2006,10,indianapolis,USA,2006-07-02,http://en.wikipedia.org/wiki/2006_United_States_Grand_Prix
2006,11,magny_cours,France,2006-07-16,http://en.wikipedia.org/wiki/2006_French_Grand_Prix
2006,12,hockenheimring,Germany,2006-07-30,http://en.wikipedia.org/wiki/2006_German_Grand_Prix
2006,13,hungaroring,Hungary,2006-08-06,http://en.wikipedia.org/wiki/2006_Hungarian_Grand_Prix
2006,14,istanbul,Turkey,2006-08-27,http://en.wikipedia.org/wiki/2006_Turkish_Grand_Prix
2006,15,monza,Italy,2006-09-10,http://en.wikipedia.org/wiki/2006_Italian_Grand_Prix
2006,16,shanghai,China,2006-10-01,http://en.wikipedia.org/wiki/2006_Chinese_Grand_Prix
2006,17,suzuka,Japan,2006-10-08,http://en.wikipedia.org/wiki/2006_Japanese_Grand_Prix
2006,18,interlagos,Brazil,2006-10-22,http://en.wikipedia.org/wiki/2006_Brazilian_Grand_Prix
2007,1,albert_park,Australia,2007-03-18,http://en.wikipedia.org/wiki/2007_Australian_Grand_Prix
2007,2,sepang,Malaysia,2007-04-08,http://en.wikipedia.org/wiki/2007_Malaysian_Grand_Prix
2007,3,bahrain,Bahrain,2007-04-15,http://en.wikipedia.org/wiki/2007_Bahrain_Grand_Prix
2007,4,catalunya,Spain,2007-05-13,http://en.wikipedia.org/wiki/2007_Spanish_Grand_Prix
2007,5,monaco,Monaco,2007-05-27,http://en.wikipedia.org/wiki/2007_Monaco_Grand_Prix
2007,6,villeneuve,Canada,2007-06-10,http://en.wikipedia.org/wiki/2007_Canadian_Grand_Prix
2007,7,indianapolis,USA,2007-06-17,http://en.wikipedia.org/wiki/2007_United_States_Grand_Prix
2007,8,magny_cours,France,2007-07-01,http://en.wikipedia.org/wiki/2007_French_Grand_Prix
2007,9,silverstone,UK,2007-07-08,http://en.wikipedia.org/wiki/2007_British_Grand_Prix
2007,10,nurburgring,Germany,2007-07-22,http://en.wikipedia.org/wiki/2007_European_Grand_Prix
2007,11,hungaroring,Hungary,2007-08-05,http://en.wikipedia.org/wiki/2007_Hungarian_Grand_Prix
2007,12,istanbul,Turkey,2007-08-26,http://en.wikipedia.org/wiki/2007_Turkish_Grand_Prix
2007,13,monza,Italy,2007-09-09,http://en.wikipedia.org/wiki/2007_Italian_Grand_Prix
2007,14,spa,Belgium,2007-09-16,http://en.wikipedia.org/wiki/2007_Belgian_Grand_Prix
2007,15,fuji,Japan,2007-09-30,http://en.wikipedia.org/wiki/2007_Japanese_Grand_Prix
2007,16,shanghai,China,2007-10-07,http://en.wikipedia.org/wiki/2007_Chinese_Grand_Prix
2007,17,interlagos,Brazil,2007-10-21,http://en.wikipedia.org/wiki/2007_Brazilian_Grand_Prix
2008,1,albert_park,Australia,2008-03-16,http://en.wikipedia.org/wiki/2008_Australian_Grand_Prix
2008,2,sepang,Malaysia,2008-03-23,http://en.wikipedia.org/wiki/2008_Malaysian_Grand_Prix
2008,3,bahrain,Bahrain,2008-04-06,http://en.wikipedia.org/wiki/2008_Bahrain_Grand_Prix
2008,4,catalunya,Spain,2008-04-27,http://en.wikipedia.org/wiki/2008_Spanish_Grand_Prix
2008,5,istanbul,Turkey,2008-05-11,http://en.wikipedia.org/wiki/2008_Turkish_Grand_Prix
2008,6,monaco,Monaco,2008-05-25,http://en.wikipedia.org/wiki/2008_Monaco_Grand_Prix
2008,7,villeneuve,Canada,2008-06-08,http://en.wikipedia.org/wiki/2008_Canadian_Grand_Prix
2008,8,magny_cours,France,2008-06-22,http://en.wikipedia.org/wiki/2008_French_Grand_Prix
2008,9,silverstone,UK,2008-07-06,http://en.wikipedia.org/wiki/2008_British_Grand_Prix
2008,10,hockenheimring,Germany,2008-07-20,http://en.wikipedia.org/wiki/2008_German_Grand_Prix
2008,11,hungaroring,Hungary,2008-08-03,http://en.wikipedia.org/wiki/2008_Hungarian_Grand_Prix
2008,12,valencia,Spain,2008-08-24,http://en.wikipedia.org/wiki/2008_European_Grand_Prix
2008,13,spa,Belgium,2008-09-07,http://en.wikipedia.org/wiki/2008_Belgian_Grand_Prix
2008,14,monza,Italy,2008-09-14,http://en.wikipedia.org/wiki/2008_Italian_Grand_Prix
2008,15,marina_bay,Singapore,2008-09-28,http://en.wikipedia.org/wiki/2008_Singapore_Grand_Prix
2008,16,fuji,Japan,2008-10-12,http://en.wikipedia.org/wiki/2008_Japanese_Grand_Prix
2008,17,shanghai,China,2008-10-19,http://en.wikipedia.org/wiki/2008_Chinese_Grand_Prix
2008,18,interlagos,Brazil,2008-11-02,http://en.wikipedia.org/wiki/2008_Brazilian_Grand_Prix
2009,1,albert_park,Australia,2009-03-29,http://en.wikipedia.org/wiki/2009_Australian_Grand_Prix
2009,2,sepang,Malaysia,2009-04-05,http://en.wikipedia.org/wiki/2009_Malaysian_Grand_Prix
2009,3,shanghai,China,2009-04-19,http://en.wikipedia.org/wiki/2009_Chinese_Grand_Prix
2009,4,bahrain,Bahrain,2009-04-26,http://en.wikipedia.org/wiki/2009_Bahrain_Grand_Prix
2009,5,catalunya,Spain,2009-05-10,http://en.wikipedia.org/wiki/2009_Spanish_Grand_Prix
2009,6,monaco,Monaco,2009-05-24,http://en.wikipedia.org/wiki/2009_Monaco_Grand_Prix
2009,7,istanbul,Turkey,2009-06-07,http://en.wikipedia.org/wiki/2009_Turkish_Grand_Prix
2009,8,silverstone,UK,2009-06-21,http://en.wikipedia.org/wiki/2009_British_Grand_Prix
2009,9,nurburgring,Germany,2009-07-12,http://en.wikipedia.org/wiki/2009_German_Grand_Prix
2009,10,hungaroring,Hungary,2009-07-26,http://en.wikipedia.org/wiki/2009_Hungarian_Grand_Prix
2009,11,valencia,Spain,2009-08-23,http://en.wikipedia.org/wiki/2009_European_Grand_Prix
2009,12,spa,Belgium,2009-08-30,http://en.wikipedia.org/wiki/2009_Belgian_Grand_Prix
2009,13,monza,Italy,2009-09-13,http://en.wikipedia.org/wiki/2009_Italian_Grand_Prix
2009,14,marina_bay,Singapore,2009-09-27,http://en.wikipedia.org/wiki/2009_Singapore_Grand_Prix
2009,15,suzuka,Japan,2009-10-04,http://en.wikipedia.org/wiki/2009_Japanese_Grand_Prix
2009,16,interlagos,Brazil,2009-10-18,http://en.wikipedia.org/wiki/2009_Brazilian_Grand_Prix
2009,17,yas_marina,UAE,2009-11-01,http://en.wikipedia.org/wiki/2009_Abu_Dhabi_Grand_Prix
2010,1,bahrain,Bahrain,2010-03-14,http://en.wikipedia.org/wiki/2010_Bahrain_Grand_Prix
2010,2,albert_park,Australia,2010-03-28,http://en.wikipedia.org/wiki/2010_Australian_Grand_Prix
2010,3,sepang,Malaysia,2010-04-04,http://en.wikipedia.org/wiki/2010_Malaysian_Grand_Prix
2010,4,shanghai,China,2010-04-18,http://en.wikipedia.org/wiki/2010_Chinese_Grand_Prix
2010,5,catalunya,Spain,2010-05-09,http://en.wikipedia.org/wiki/2010_Spanish_Grand_Prix
2010,6,monaco,Monaco,2010-05-16,http://en.wikipedia.org/wiki/2010_Monaco_Grand_Prix
2010,7,istanbul,Turkey,2010-05-30,http://en.wikipedia.org/wiki/2010_Turkish_Grand_Prix
2010,8,villeneuve,Canada,2010-06-13,http://en.wikipedia.org/wiki/2010_Canadian_Grand_Prix
2010,9,valencia,Spain,2010-06-27,http://en.wikipedia.org/wiki/2010_European_Grand_Prix
2010,10,silverstone,UK,2010-07-11,http://en.wikipedia.org/wiki/2010_British_Grand_Prix
2010,11,hockenheimring,Germany,2010-07-25,http://en.wikipedia.org/wiki/2010_German_Grand_Prix
2010,12,hungaroring,Hungary,2010-08-01,http://en.wikipedia.org/wiki/2010_Hungarian_Grand_Prix
2010,13,spa,Belgium,2010-08-29,http://en.wikipedia.org/wiki/2010_Belgian_Grand_Prix
2010,14,monza,Italy,2010-09-12,http://en.wikipedia.org/wiki/2010_Italian_Grand_Prix
2010,15,marina_bay,Singapore,2010-09-26,http://en.wikipedia.org/wiki/2010_Singapore_Grand_Prix
2010,16,suzuka,Japan,2010-10-10,http://en.wikipedia.org/wiki/2010_Japanese_Grand_Prix
2010,17,yeongam,Korea,2010-10-24,http://en.wikipedia.org/wiki/2010_Korean_Grand_Prix
2010,18,interlagos,Brazil,2010-11-07,http://en.wikipedia.org/wiki/2010_Brazilian_Grand_Prix
2010,19,yas_marina,UAE,2010-11-14,http://en.wikipedia.org/wiki/2010_Abu_Dhabi_Grand_Prix
2011,1,albert_park,Australia,2011-03-27,http://en.wikipedia.org/wiki/2011_Australian_Grand_Prix
2011,2,sepang,Malaysia,2011-04-10,http://en.wikipedia.org/wiki/2011_Malaysian_Grand_Prix
2011,3,shanghai,China,2011-04-17,http://en.wikipedia.org/wiki/2011_Chinese_Grand_Prix
2011,4,istanbul,Turkey,2011-05-08,http://en.wikipedia.org/wiki/2011_Turkish_Grand_Prix
2011,5,catalunya,Spain,2011-05-22,http://en.wikipedia.org/wiki/2011_Spanish_Grand_Prix
2011,6,monaco,Monaco,2011-05-29,http://en.wikipedia.org/wiki/2011_Monaco_Grand_Prix
2011,7,villeneuve,Canada,2011-06-12,http://en.wikipedia.org/wiki/2011_Canadian_Grand_Prix
2011,8,valencia,Spain,2011-06-26,http://en.wikipedia.org/wiki/2011_European_Grand_Prix
2011,9,silverstone,UK,2011-07-10,http://en.wikipedia.org/wiki/2011_British_Grand_Prix
2011,10,nurburgring,Germany,2011-07-24,http://en.wikipedia.org/wiki/2011_German_Grand_Prix
2011,11,hungaroring,Hungary,2011-07-31,http://en.wikipedia.org/wiki/2011_Hungarian_Grand_Prix
2011,12,spa,Belgium,2011-08-28,http://en.wikipedia.org/wiki/2011_Belgian_Grand_Prix
2011,13,monza,Italy,2011-09-11,http://en.wikipedia.org/wiki/2011_Italian_Grand_Prix
2011,14,marina_bay,Singapore,2011-09-25,http://en.wikipedia.org/wiki/2011_Singapore_Grand_Prix
2011,15,suzuka,Japan,2011-10-09,http://en.wikipedia.org/wiki/2011_Japanese_Grand_Prix
2011,16,yeongam,Korea,2011-10-16,http://en.wikipedia.org/wiki/2011_Korean_Grand_Prix
2011,17,buddh,India,2011-10-30,http://en.wikipedia.org/wiki/2011_Indian_Grand_Prix
2011,18,yas_marina,UAE,2011-11-13,http://en.wikipedia.org/wiki/2011_Abu_Dhabi_Grand_Prix
2011,19,interlagos,Brazil,2011-11-27,http://en.wikipedia.org/wiki/2011_Brazilian_Grand_Prix
2012,1,albert_park,Australia,2012-03-18,http://en.wikipedia.org/wiki/2012_Australian_Grand_Prix
2012,2,sepang,Malaysia,2012-03-25,http://en.wikipedia.org/wiki/2012_Malaysian_Grand_Prix
2012,3,shanghai,China,2012-04-15,http://en.wikipedia.org/wiki/2012_Chinese_Grand_Prix
2012,4,bahrain,Bahrain,2012-04-22,http://en.wikipedia.org/wiki/2012_Bahrain_Grand_Prix
2012,5,catalunya,Spain,2012-05-13,http://en.wikipedia.org/wiki/2012_Spanish_Grand_Prix
2012,6,monaco,Monaco,2012-05-27,http://en.wikipedia.org/wiki/2012_Monaco_Grand_Prix
2012,7,villeneuve,Canada,2012-06-10,http://en.wikipedia.org/wiki/2012_Canadian_Grand_Prix
2012,8,valencia,Spain,2012-06-24,http://en.wikipedia.org/wiki/2012_European_Grand_Prix
2012,9,silverstone,UK,2012-07-08,http://en.wikipedia.org/wiki/2012_British_Grand_Prix
2012,10,hockenheimring,Germany,2012-07-22,http://en.wikipedia.org/wiki/2012_German_Grand_Prix
2012,11,hungaroring,Hungary,2012-07-29,http://en.wikipedia.org/wiki/2012_Hungarian_Grand_Prix
2012,12,spa,Belgium,2012-09-02,http://en.wikipedia.org/wiki/2012_Belgian_Grand_Prix
2012,13,monza,Italy,2012-09-09,http://en.wikipedia.org/wiki/2012_Italian_Grand_Prix
2012,14,marina_bay,Singapore,2012-09-23,http://en.wikipedia.org/wiki/2012_Singapore_Grand_Prix
2012,15,suzuka,Japan,2012-10-07,http://en.wikipedia.org/wiki/2012_Japanese_Grand_Prix
2012,16,yeongam,Korea,2012-10-14,http://en.wikipedia.org/wiki/2012_Korean_Grand_Prix
2012,17,buddh,India,2012-10-28,http://en.wikipedia.org/wiki/2012_Indian_Grand_Prix
2012,18,yas_marina,UAE,2012-11-04,http://en.wikipedia.org/wiki/2012_Abu_Dhabi_Grand_Prix
2012,19,americas,USA,2012-11-18,http://en.wikipedia.org/wiki/2012_United_States_Grand_Prix
2012,20,interlagos,Brazil,2012-11-25,http://en.wikipedia.org/wiki/2012_Brazilian_Grand_Prix
2013,1,albert_park,Australia,2013-03-17,http://en.wikipedia.org/wiki/2013_Australian_Grand_Prix
2013,2,sepang,Malaysia,2013-03-24,http://en.wikipedia.org/wiki/2013_Malaysian_Grand_Prix
2013,3,shanghai,China,2013-04-14,http://en.wikipedia.org/wiki/2013_Chinese_Grand_Prix
2013,4,bahrain,Bahrain,2013-04-21,http://en.wikipedia.org/wiki/2013_Bahrain_Grand_Prix
2013,5,catalunya,Spain,2013-05-12,http://en.wikipedia.org/wiki/2013_Spanish_Grand_Prix
2013,6,monaco,Monaco,2013-05-26,http://en.wikipedia.org/wiki/2013_Monaco_Grand_Prix
2013,7,villeneuve,Canada,2013-06-09,http://en.wikipedia.org/wiki/2013_Canadian_Grand_Prix
2013,8,silverstone,UK,2013-06-30,http://en.wikipedia.org/wiki/2013_British_Grand_Prix
2013,9,nurburgring,Germany,2013-07-07,http://en.wikipedia.org/wiki/2013_German_Grand_Prix
2013,10,hungaroring,Hungary,2013-07-28,http://en.wikipedia.org/wiki/2013_Hungarian_Grand_Prix
2013,11,spa,Belgium,2013-08-25,http://en.wikipedia.org/wiki/2013_Belgian_Grand_Prix
2013,12,monza,Italy,2013-09-08,http://en.wikipedia.org/wiki/2013_Italian_Grand_Prix
2013,13,marina_bay,Singapore,2013-09-22,http://en.wikipedia.org/wiki/2013_Singapore_Grand_Prix
2013,14,yeongam,Korea,2013-10-06,http://en.wikipedia.org/wiki/2013_Korean_Grand_Prix
2013,15,suzuka,Japan,2013-10-13,http://en.wikipedia.org/wiki/2013_Japanese_Grand_Prix
2013,16,buddh,India,2013-10-27,http://en.wikipedia.org/wiki/2013_Indian_Grand_Prix
2013,17,yas_marina,UAE,2013-11-03,http://en.wikipedia.org/wiki/2013_Abu_Dhabi_Grand_Prix
2013,18,americas,USA,2013-11-17,http://en.wikipedia.org/wiki/2013_United_States_Grand_Prix
2013,19,interlagos,Brazil,2013-11-24,http://en.wikipedia.org/wiki/2013_Brazilian_Grand_Prix
2014,1,albert_park,Australia,2014-03-16,http://en.wikipedia.org/wiki/2014_Australian_Grand_Prix
2014,2,sepang,Malaysia,2014-03-30,http://en.wikipedia.org/wiki/2014_Malaysian_Grand_Prix
2014,3,bahrain,Bahrain,2014-04-06,http://en.wikipedia.org/wiki/2014_Bahrain_Grand_Prix
2014,4,shanghai,China,2014-04-20,http://en.wikipedia.org/wiki/2014_Chinese_Grand_Prix
2014,5,catalunya,Spain,2014-05-11,http://en.wikipedia.org/wiki/2014_Spanish_Grand_Prix
2014,6,monaco,Monaco,2014-05-25,http://en.wikipedia.org/wiki/2014_Monaco_Grand_Prix
2014,7,villeneuve,Canada,2014-06-08,http://en.wikipedia.org/wiki/2014_Canadian_Grand_Prix
2014,8,red_bull_ring,Austria,2014-06-22,http://en.wikipedia.org/wiki/2014_Austrian_Grand_Prix
2014,9,silverstone,UK,2014-07-06,http://en.wikipedia.org/wiki/2014_British_Grand_Prix
2014,10,hockenheimring,Germany,2014-07-20,http://en.wikipedia.org/wiki/2014_German_Grand_Prix
2014,11,hungaroring,Hungary,2014-07-27,http://en.wikipedia.org/wiki/2014_Hungarian_Grand_Prix
2014,12,spa,Belgium,2014-08-24,http://en.wikipedia.org/wiki/2014_Belgian_Grand_Prix
2014,13,monza,Italy,2014-09-07,http://en.wikipedia.org/wiki/2014_Italian_Grand_Prix
2014,14,marina_bay,Singapore,2014-09-21,http://en.wikipedia.org/wiki/2014_Singapore_Grand_Prix
2014,15,suzuka,Japan,2014-10-05,http://en.wikipedia.org/wiki/2014_Japanese_Grand_Prix
2014,16,sochi,Russia,2014-10-12,http://en.wikipedia.org/wiki/2014_Russian_Grand_Prix
2014,17,americas,USA,2014-11-02,http://en.wikipedia.org/wiki/2014_United_States_Grand_Prix
2014,18,interlagos,Brazil,2014-11-09,http://en.wikipedia.org/wiki/2014_Brazilian_Grand_Prix
2014,19,yas_marina,UAE,2014-11-23,http://en.wikipedia.org/wiki/2014_Abu_Dhabi_Grand_Prix
2015,1,albert_park,Australia,2015-03-15,http://en.wikipedia.org/wiki/2015_Australian_Grand_Prix
2015,2,sepang,Malaysia,2015-03-29,http://en.wikipedia.org/wiki/2015_Malaysian_Grand_Prix
2015,3,shanghai,China,2015-04-12,http://en.wikipedia.org/wiki/2015_Chinese_Grand_Prix
2015,4,bahrain,Bahrain,2015-04-19,http://en.wikipedia.org/wiki/2015_Bahrain_Grand_Prix
2015,5,catalunya,Spain,2015-05-10,http://en.wikipedia.org/wiki/2015_Spanish_Grand_Prix
2015,6,monaco,Monaco,2015-05-24,http://en.wikipedia.org/wiki/2015_Monaco_Grand_Prix
2015,7,villeneuve,Canada,2015-06-07,http://en.wikipedia.org/wiki/2015_Canadian_Grand_Prix
2015,8,red_bull_ring,Austria,2015-06-21,http://en.wikipedia.org/wiki/2015_Austrian_Grand_Prix
2015,9,silverstone,UK,2015-07-05,http://en.wikipedia.org/wiki/2015_British_Grand_Prix
2015,10,hungaroring,Hungary,2015-07-26,http://en.wikipedia.org/wiki/2015_Hungarian_Grand_Prix
2015,11,spa,Belgium,2015-08-23,http://en.wikipedia.org/wiki/2015_Belgian_Grand_Prix
2015,12,monza,Italy,2015-09-06,http://en.wikipedia.org/wiki/2015_Italian_Grand_Prix
2015,13,marina_bay,Singapore,2015-09-20,http://en.wikipedia.org/wiki/2015_Singapore_Grand_Prix
2015,14,suzuka,Japan,2015-09-27,http://en.wikipedia.org/wiki/2015_Japanese_Grand_Prix
2015,15,sochi,Russia,2015-10-11,http://en.wikipedia.org/wiki/2015_Russian_Grand_Prix
2015,16,americas,USA,2015-10-25,http://en.wikipedia.org/wiki/2015_United_States_Grand_Prix
2015,17,rodriguez,Mexico,2015-11-01,http://en.wikipedia.org/wiki/2015_Mexican_Grand_Prix
2015,18,interlagos,Brazil,2015-11-15,http://en.wikipedia.org/wiki/2015_Brazilian_Grand_Prix
2015,19,yas_marina,UAE,2015-11-29,http://en.wikipedia.org/wiki/2015_Abu_Dhabi_Grand_Prix
2016,1,albert_park,Australia,2016-03-20,http://en.wikipedia.org/wiki/2016_Australian_Grand_Prix
2016,2,bahrain,Bahrain,2016-04-03,http://en.wikipedia.org/wiki/2016_Bahrain_Grand_Prix
2016,3,shanghai,China,2016-04-17,http://en.wikipedia.org/wiki/2016_Chinese_Grand_Prix
2016,4,sochi,Russia,2016-05-01,http://en.wikipedia.org/wiki/2016_Russian_Grand_Prix
2016,5,catalunya,Spain,2016-05-15,http://en.wikipedia.org/wiki/2016_Spanish_Grand_Prix
2016,6,monaco,Monaco,2016-05-29,http://en.wikipedia.org/wiki/2016_Monaco_Grand_Prix
2016,7,villeneuve,Canada,2016-06-12,http://en.wikipedia.org/wiki/2016_Canadian_Grand_Prix
2016,8,baku,Azerbaijan,2016-06-19,http://en.wikipedia.org/wiki/2016_European_Grand_Prix
2016,9,red_bull_ring,Austria,2016-07-03,http://en.wikipedia.org/wiki/2016_Austrian_Grand_Prix
2016,10,silverstone,UK,2016-07-10,http://en.wikipedia.org/wiki/2016_British_Grand_Prix
2016,11,hungaroring,Hungary,2016-07-24,http://en.wikipedia.org/wiki/2016_Hungarian_Grand_Prix
2016,12,hockenheimring,Germany,2016-07-31,http://en.wikipedia.org/wiki/2016_German_Grand_Prix
2016,13,spa,Belgium,2016-08-28,http://en.wikipedia.org/wiki/2016_Belgian_Grand_Prix
2016,14,monza,Italy,2016-09-04,http://en.wikipedia.org/wiki/2016_Italian_Grand_Prix
2016,15,marina_bay,Singapore,2016-09-18,http://en.wikipedia.org/wiki/2016_Singapore_Grand_Prix
2016,16,sepang,Malaysia,2016-10-02,http://en.wikipedia.org/wiki/2016_Malaysian_Grand_Prix
2016,17,suzuka,Japan,2016-10-09,http://en.wikipedia.org/wiki/2016_Japanese_Grand_Prix
2016,18,americas,USA,2016-10-23,http://en.wikipedia.org/wiki/2016_United_States_Grand_Prix
2016,19,rodriguez,Mexico,2016-10-30,http://en.wikipedia.org/wiki/2016_Mexican_Grand_Prix
2016,20,interlagos,Brazil,2016-11-13,http://en.wikipedia.org/wiki/2016_Brazilian_Grand_Prix
2016,21,yas_marina,UAE,2016-11-27,http://en.wikipedia.org/wiki/2016_Abu_Dhabi_Grand_Prix
2017,1,albert_park,Australia,2017-03-26,http://en.wikipedia.org/wiki/2017_Australian_Grand_Prix
2017,2,shanghai,China,2017-04-09,http://en.wikipedia.org/wiki/2017_Chinese_Grand_Prix
2017,3,bahrain,Bahrain,2017-04-16,http://en.wikipedia.org/wiki/2017_Bahrain_Grand_Prix
2017,4,sochi,Russia,2017-04-30,http://en.wikipedia.org/wiki/2017_Russian_Grand_Prix
2017,5,catalunya,Spain,2017-05-14,http://en.wikipedia.org/wiki/2017_Spanish_Grand_Prix
2017,6,monaco,Monaco,2017-05-28,http://en.wikipedia.org/wiki/2017_Monaco_Grand_Prix
2017,7,villeneuve,Canada,2017-06-11,http://en.wikipedia.org/wiki/2017_Canadian_Grand_Prix
2017,8,baku,Azerbaijan,2017-06-25,http://en.wikipedia.org/wiki/2017_Azerbaijan_Grand_Prix
2017,9,red_bull_ring,Austria,2017-07-09,http://en.wikipedia.org/wiki/2017_Austrian_Grand_Prix
2017,10,silverstone,UK,2017-07-16,http://en.wikipedia.org/wiki/2017_British_Grand_Prix
2017,11,hungaroring,Hungary,2017-07-30,http://en.wikipedia.org/wiki/2017_Hungarian_Grand_Prix
2017,12,spa,Belgium,2017-08-27,http://en.wikipedia.org/wiki/2017_Belgian_Grand_Prix
2017,13,monza,Italy,2017-09-03,http://en.wikipedia.org/wiki/2017_Italian_Grand_Prix
2017,14,marina_bay,Singapore,2017-09-17,http://en.wikipedia.org/wiki/2017_Singapore_Grand_Prix
2017,15,sepang,Malaysia,2017-10-01,http://en.wikipedia.org/wiki/2017_Malaysian_Grand_Prix
2017,16,suzuka,Japan,2017-10-08,http://en.wikipedia.org/wiki/2017_Japanese_Grand_Prix
2017,17,americas,USA,2017-10-22,http://en.wikipedia.org/wiki/2017_United_States_Grand_Prix
2017,18,rodriguez,Mexico,2017-10-29,http://en.wikipedia.org/wiki/2017_Mexican_Grand_Prix
2017,19,interlagos,Brazil,2017-11-12,http://en.wikipedia.org/wiki/2017_Brazilian_Grand_Prix
2017,20,yas_marina,UAE,2017-11-26,http://en.wikipedia.org/wiki/2017_Abu_Dhabi_Grand_Prix
2018,1,albert_park,Australia,2018-03-25,http://en.wikipedia.org/wiki/2018_Australian_Grand_Prix
2018,2,bahrain,Bahrain,2018-04-08,http://en.wikipedia.org/wiki/2018_Bahrain_Grand_Prix
2018,3,shanghai,China,2018-04-15,http://en.wikipedia.org/wiki/2018_Chinese_Grand_Prix
2018,4,baku,Azerbaijan,2018-04-29,http://en.wikipedia.org/wiki/2018_Azerbaijan_Grand_Prix
2018,5,catalunya,Spain,2018-05-13,http://en.wikipedia.org/wiki/2018_Spanish_Grand_Prix
2018,6,monaco,Monaco,2018-05-27,http://en.wikipedia.org/wiki/2018_Monaco_Grand_Prix
2018,7,villeneuve,Canada,2018-06-10,http://en.wikipedia.org/wiki/2018_Canadian_Grand_Prix
2018,8,ricard,France,2018-06-24,http://en.wikipedia.org/wiki/2018_French_Grand_Prix
2018,9,red_bull_ring,Austria,2018-07-01,http://en.wikipedia.org/wiki/2018_Austrian_Grand_Prix
2018,10,silverstone,UK,2018-07-08,http://en.wikipedia.org/wiki/2018_British_Grand_Prix
2018,11,hockenheimring,Germany,2018-07-22,http://en.wikipedia.org/wiki/2018_German_Grand_Prix
2018,12,hungaroring,Hungary,2018-07-29,http://en.wikipedia.org/wiki/2018_Hungarian_Grand_Prix
2018,13,spa,Belgium,2018-08-26,http://en.wikipedia.org/wiki/2018_Belgian_Grand_Prix
2018,14,monza,Italy,2018-09-02,http://en.wikipedia.org/wiki/2018_Italian_Grand_Prix
2018,15,marina_bay,Singapore,2018-09-16,http://en.wikipedia.org/wiki/2018_Singapore_Grand_Prix
2018,16,sochi,Russia,2018-09-30,http://en.wikipedia.org/wiki/2018_Russian_Grand_Prix
2018,17,suzuka,Japan,2018-10-07,http://en.wikipedia.org/wiki/2018_Japanese_Grand_Prix
2018,18,americas,USA,2018-10-21,http://en.wikipedia.org/wiki/2018_United_States_Grand_Prix
2018,19,rodriguez,Mexico,2018-10-28,http://en.wikipedia.org/wiki/2018_Mexican_Grand_Prix
2018,20,interlagos,Brazil,2018-11-11,http://en.wikipedia.org/wiki/2018_Brazilian_Grand_Prix
2018,21,yas_marina,UAE,2018-11-25,http://en.wikipedia.org/wiki/2018_Abu_Dhabi_Grand_Prix
2019,1,albert_park,Australia,2019-03-17,http://en.wikipedia.org/wiki/2019_Australian_Grand_Prix
2019,2,bahrain,Bahrain,2019-03-31,http://en.wikipedia.org/wiki/2019_Bahrain_Grand_Prix
2019,3,shanghai,China,2019-04-14,http://en.wikipedia.org/wiki/2019_Chinese_Grand_Prix
2019,4,baku,Azerbaijan,2019-04-28,http://en.wikipedia.org/wiki/2019_Azerbaijan_Grand_Prix
2019,5,catalunya,Spain,2019-05-12,http://en.wikipedia.org/wiki/2019_Spanish_Grand_Prix
2019,6,monaco,Monaco,2019-05-26,http://en.wikipedia.org/wiki/2019_Monaco_Grand_Prix
2019,7,villeneuve,Canada,2019-06-09,http://en.wikipedia.org/wiki/2019_Canadian_Grand_Prix
2019,8,ricard,France,2019-06-23,http://en.wikipedia.org/wiki/2019_French_Grand_Prix
2019,9,red_bull_ring,Austria,2019-06-30,http://en.wikipedia.org/wiki/2019_Austrian_Grand_Prix
2019,10,silverstone,UK,2019-07-14,http://en.wikipedia.org/wiki/2019_British_Grand_Prix
2019,11,hockenheimring,Germany,2019-07-28,http://en.wikipedia.org/wiki/2019_German_Grand_Prix
2019,12,hungaroring,Hungary,2019-08-04,http://en.wikipedia.org/wiki/2019_Hungarian_Grand_Prix
2019,13,spa,Belgium,2019-09-01,http://en.wikipedia.org/wiki/2019_Belgian_Grand_Prix
2019,14,monza,Italy,2019-09-08,http://en.wikipedia.org/wiki/2019_Italian_Grand_Prix
2019,15,marina_bay,Singapore,2019-09-22,http://en.wikipedia.org/wiki/2019_Singapore_Grand_Prix
2019,16,sochi,Russia,2019-09-29,http://en.wikipedia.org/wiki/2019_Russian_Grand_Prix
2019,17,suzuka,Japan,2019-10-13,http://en.wikipedia.org/wiki/2019_Japanese_Grand_Prix
2019,18,rodriguez,Mexico,2019-10-27,http://en.wikipedia.org/wiki/2019_Mexican_Grand_Prix
2019,19,americas,USA,2019-11-03,http://en.wikipedia.org/wiki/2019_United_States_Grand_Prix
2019,20,interlagos,Brazil,2019-11-17,http://en.wikipedia.org/wiki/2019_Brazilian_Grand_Prix
2019,21,yas_marina,UAE,2019-12-01,http://en.wikipedia.org/wiki/2019_Abu_Dhabi_Grand_Prix
2020,1,red_bull_ring,Austria,2020-07-05,http://en.wikipedia.org/wiki/2020_Austrian_Grand_Prix
2020,2,red_bull_ring,Austria,2020-07-12,http://en.wikipedia.org/wiki/2020_Styrian_Grand_Prix
2020,3,hungaroring,Hungary,2020-07-19,http://en.wikipedia.org/wiki/2020_Hungarian_Grand_Prix
2020,4,silverstone,UK,2020-08-02,http://en.wikipedia.org/wiki/2020_British_Grand_Prix
2020,5,silverstone,UK,2020-08-09,http://en.wikipedia.org/wiki/70th_Anniversary_Grand_Prix
2020,6,catalunya,Spain,2020-08-16,http://en.wikipedia.org/wiki/2020_Spanish_Grand_Prix
2020,7,spa,Belgium,2020-08-30,http://en.wikipedia.org/wiki/2020_Belgian_Grand_Prix
2020,8,monza,Italy,2020-09-06,http://en.wikipedia.org/wiki/2020_Italian_Grand_Prix
2020,9,mugello,Italy,2020-09-13,http://en.wikipedia.org/wiki/2020_Tuscan_Grand_Prix
2020,10,sochi,Russia,2020-09-27,http://en.wikipedia.org/wiki/2020_Russian_Grand_Prix
2020,11,nurburgring,Germany,2020-10-11,http://en.wikipedia.org/wiki/2020_Eifel_Grand_Prix
2020,12,portimao,Portugal,2020-10-25,http://en.wikipedia.org/wiki/2020_Portuguese_Grand_Prix
2020,13,imola,Italy,2020-11-01,http://en.wikipedia.org/wiki/2020_Emilia_Romagna_Grand_Prix
2020,14,istanbul,Turkey,2020-11-15,http://en.wikipedia.org/wiki/2020_Turkish_Grand_Prix
2020,15,bahrain,Bahrain,2020-11-29,http://en.wikipedia.org/wiki/2020_Bahrain_Grand_Prix
2020,16,bahrain,Bahrain,2020-12-06,http://en.wikipedia.org/wiki/2020_Sakhir_Grand_Prix
2020,17,yas_marina,UAE,2020-12-13,http://en.wikipedia.org/wiki/2020_Abu_Dhabi_Grand_Prix
2021,1,bahrain,Bahrain,2021-03-28,http://en.wikipedia.org/wiki/2021_Bahrain_Grand_Prix
2021,2,imola,Italy,2021-04-18,http://en.wikipedia.org/wiki/2021_Emilia_Romagna_Grand_Prix
2021,3,portimao,Portugal,2021-05-02,http://en.wikipedia.org/wiki/2021_Portuguese_Grand_Prix
2021,4,catalunya,Spain,2021-05-09,http://en.wikipedia.org/wiki/2021_Spanish_Grand_Prix
2021,5,monaco,Monaco,2021-05-23,http://en.wikipedia.org/wiki/2021_Monaco_Grand_Prix
2021,6,baku,Azerbaijan,2021-06-06,http://en.wikipedia.org/wiki/2021_Azerbaijan_Grand_Prix
2021,7,ricard,France,2021-06-20,http://en.wikipedia.org/wiki/2021_French_Grand_Prix
2021,8,red_bull_ring,Austria,2021-06-27,http://en.wikipedia.org/wiki/2021_Styrian_Grand_Prix
2021,9,red_bull_ring,Austria,2021-07-04,http://en.wikipedia.org/wiki/2021_Austrian_Grand_Prix
2021,10,silverstone,UK,2021-07-18,http://en.wikipedia.org/wiki/2021_British_Grand_Prix
2021,11,hungaroring,Hungary,2021-08-01,http://en.wikipedia.org/wiki/2021_Hungarian_Grand_Prix
2021,12,spa,Belgium,2021-08-29,http://en.wikipedia.org/wiki/2021_Belgian_Grand_Prix
2021,13,zandvoort,Netherlands,2021-09-05,http://en.wikipedia.org/wiki/2021_Dutch_Grand_Prix
2021,14,monza,Italy,2021-09-12,http://en.wikipedia.org/wiki/2021_Italian_Grand_Prix
2021,15,sochi,Russia,2021-09-26,http://en.wikipedia.org/wiki/2021_Russian_Grand_Prix
2021,16,istanbul,Turkey,2021-10-10,http://en.wikipedia.org/wiki/2021_Turkish_Grand_Prix
2021,17,americas,USA,2021-10-24,http://en.wikipedia.org/wiki/2021_United_States_Grand_Prix
2021,18,rodriguez,Mexico,2021-11-07,http://en.wikipedia.org/wiki/2021_Mexican_Grand_Prix
2021,19,interlagos,Brazil,2021-11-14,http://en.wikipedia.org/wiki/2021_S%C3%A3o_Paulo_Grand_Prix
2021,20,losail,Qatar,2021-11-21,http://en.wikipedia.org/wiki/2021_Qatar_Grand_Prix
2021,21,jeddah,Saudi Arabia,2021-12-05,http://en.wikipedia.org/wiki/2021_Saudi_Arabian_Grand_Prix
2021,22,yas_marina,UAE,2021-12-12,http://en.wikipedia.org/wiki/2021_Abu_Dhabi_Grand_Prix
2022,1,bahrain,Bahrain,2022-03-20,http://en.wikipedia.org/wiki/2022_Bahrain_Grand_Prix
2022,2,jeddah,Saudi Arabia,2022-03-27,http://en.wikipedia.org/wiki/2022_Saudi_Arabian_Grand_Prix
2022,3,albert_park,Australia,2022-04-10,http://en.wikipedia.org/wiki/2022_Australian_Grand_Prix
2022,4,imola,Italy,2022-04-24,http://en.wikipedia.org/wiki/2022_Emilia_Romagna_Grand_Prix
2022,5,miami,USA,2022-05-08,http://en.wikipedia.org/wiki/2022_Miami_Grand_Prix
2022,6,catalunya,Spain,2022-05-22,http://en.wikipedia.org/wiki/2022_Spanish_Grand_Prix
2022,7,monaco,Monaco,2022-05-29,http://en.wikipedia.org/wiki/2022_Monaco_Grand_Prix
2022,8,baku,Azerbaijan,2022-06-12,http://en.wikipedia.org/wiki/2022_Azerbaijan_Grand_Prix
2022,9,villeneuve,Canada,2022-06-19,http://en.wikipedia.org/wiki/2022_Canadian_Grand_Prix
2022,10,silverstone,UK,2022-07-03,http://en.wikipedia.org/wiki/2022_British_Grand_Prix
2022,11,red_bull_ring,Austria,2022-07-10,http://en.wikipedia.org/wiki/2022_Austrian_Grand_Prix
2022,12,ricard,France,2022-07-24,http://en.wikipedia.org/wiki/2022_French_Grand_Prix
2022,13,hungaroring,Hungary,2022-07-31,http://en.wikipedia.org/wiki/2022_Hungarian_Grand_Prix
2022,14,spa,Belgium,2022-08-28,http://en.wikipedia.org/wiki/2022_Belgian_Grand_Prix
2022,15,zandvoort,Netherlands,2022-09-04,http://en.wikipedia.org/wiki/2022_Dutch_Grand_Prix
2022,16,monza,Italy,2022-09-11,http://en.wikipedia.org/wiki/2022_Italian_Grand_Prix
2022,17,marina_bay,Singapore,2022-10-02,http://en.wikipedia.org/wiki/2022_Singapore_Grand_Prix
2022,18,suzuka,Japan,2022-10-09,http://en.wikipedia.org/wiki/2022_Japanese_Grand_Prix
2022,19,americas,USA,2022-10-23,http://en.wikipedia.org/wiki/2022_United_States_Grand_Prix
2022,20,rodriguez,Mexico,2022-10-30,http://en.wikipedia.org/wiki/2022_Mexican_Grand_Prix
2022,21,interlagos,Brazil,2022-11-13,http://en.wikipedia.org/wiki/2022_Brazilian_Grand_Prix
2022,22,yas_marina,UAE,2022-11-20,http://en.wikipedia.org/wiki/2022_Abu_Dhabi_Grand_Prix
2023,1,bahrain,Bahrain,2023-03-05,https://en.wikipedia.org/wiki/2023_Bahrain_Grand_Prix
2023,2,jeddah,Saudi Arabia,2023-03-19,https://en.wikipedia.org/wiki/2023_Saudi_Arabian_Grand_Prix
2023,3,albert_park,Australia,2023-04-02,https://en.wikipedia.org/wiki/2023_Australian_Grand_Prix
2023,4,baku,Azerbaijan,2023-04-30,https://en.wikipedia.org/wiki/2023_Azerbaijan_Grand_Prix
2023,5,miami,USA,2023-05-07,https://en.wikipedia.org/wiki/2023_Miami_Grand_Prix
2023,6,monaco,Monaco,2023-05-28,https://en.wikipedia.org/wiki/2023_Monaco_Grand_Prix
2023,7,catalunya,Spain,2023-06-04,https://en.wikipedia.org/wiki/2023_Spanish_Grand_Prix
2023,8,villeneuve,Canada,2023-06-18,https://en.wikipedia.org/wiki/2023_Canadian_Grand_Prix
2023,9,red_bull_ring,Austria,2023-07-02,https://en.wikipedia.org/wiki/2023_Austrian_Grand_Prix
2023,10,silverstone,UK,2023-07-09,https://en.wikipedia.org/wiki/2023_British_Grand_Prix
2023,11,hungaroring,Hungary,2023-07-23,https://en.wikipedia.org/wiki/2023_Hungarian_Grand_Prix
2023,12,spa,Belgium,2023-07-30,https://en.wikipedia.org/wiki/2023_Belgian_Grand_Prix
2023,13,zandvoort,Netherlands,2023-08-27,https://en.wikipedia.org/wiki/2023_Dutch_Grand_Prix
2023,14,monza,Italy,2023-09-03,https://en.wikipedia.org/wiki/2023_Italian_Grand_Prix
2023,15,marina_bay,Singapore,2023-09-17,https://en.wikipedia.org/wiki/2023_Singapore_Grand_Prix
2023,16,suzuka,Japan,2023-09-24,https://en.wikipedia.org/wiki/2023_Japanese_Grand_Prix
2023,17,losail,Qatar,2023-10-08,https://en.wikipedia.org/wiki/2023_Qatar_Grand_Prix
2023,18,americas,USA,2023-10-22,https://en.wikipedia.org/wiki/2023_United_States_Grand_Prix
2023,19,rodriguez,Mexico,2023-10-29,https://en.wikipedia.org/wiki/2023_Mexico_City_Grand_Prix
2023,20,interlagos,Brazil,2023-11-05,https://en.wikipedia.org/wiki/2023_S%C3%A3o_Paulo_Grand_Prix
2023,21,vegas,United States,2023-11-19,https://en.wikipedia.org/wiki/2023_Las_Vegas_Grand_Prix
2023,22,yas_marina,UAE,2023-11-26,https://en.wikipedia.org/wiki/2023_Abu_Dhabi_Grand_Prix
